"id","field_or_branch","invariant","prospective_test","comparison","metric","existing_evidence","new_required","status"
"SX01","目录／Node／Bucket／Index／reserve","匹配臂成员布局与构造分配序列等于R6","sizeof、record-layout、独立分配记录及规范化不变函数体差分","全匹配臂","layout_bytes; allocation_sequence","旧R6布局；新臂无证据","true","NOT_WRITTEN_NOT_RUN"
"SX02","insert／erase／range内容路径","完整键、重复时间、半开区间；miss推进结构钟；无效键不推进","每臂对std::multiset参考逐操作精确核对，覆盖空／头／中／尾／重复／越界","全部7臂","record_equal; API_return; epoch_ops","旧T14/T18/C_guards只覆盖R6","true","NOT_WRITTEN_NOT_RUN"
"SX03","新臂随机内容正确性","转换前后集合与参考一致","每新匹配臂固定94001/94002各100000混合操作；每步核对内容／查询；不force","5个新匹配臂","random_operations; exact_mismatches","旧百万次混合测试不移名","true","NOT_WRITTEN_NOT_RUN"
"SX04","M_LIST关闭路径","无W／range观察数组／信用／epoch／候选／转换；保留内容循环和分配布局","诊断计数与汇编检查关闭路径；native不可得work记NA","P01/P03","native_work_available=false; epoch=0; trees=0","新增","true","NOT_WRITTEN_NOT_RUN"
"SX05","M_OBSERVE_LIST观察与钟","aW−tree_cost；零work负截距；class正确；不扫描候选／转换","W=0及两个正W、n分级边界、512结构clock、range不推进","P02/P04","gain_ns; W; epochs; cand=0; promotions=0","旧T5可作数值参考","true","NOT_WRITTEN_NOT_RUN"
"SX06","M_EVENT信用／门控","每成功LIST观察W>0只+1；W0不增；空闲reset；无PAYBACK","所有θ各在门槛前后；相同事件不同W；TREE不积event；range只观察","P06/DIA01","events; W; promotion_eligibility","新增；旧R1不是同布局替代","true","NOT_WRITTEN_NOT_RUN"
"SX07","M_FIXED门控","操作后n>=max(128,h)才候选；无信用公式","全部h的边界n；候选后规模下降再验证；range不登记","P07/DIA02","n; h; gain=0; cand","新增","true","NOT_WRITTEN_NOT_RUN"
"SX08","候选去重／排名／tie","cand<=4096；重验证；按各臂冻结排序及地址平局","相同与不同score、地址顺序日志、降级后重新入cand；副本无tie对账","P03/P06/P07","cand_last; cand_max; slot; ranking_fields","旧T9/T19仅参考","true","NOT_WRITTEN_NOT_RUN"
"SX09","epoch配额／cleanup","每epoch最多1升1scheduled；cleanup不占额度；total=sched+cleanup","同epoch清空多个TREE并同时发生普通降级；统计逐笔对账","R6/M_EVENT/M_FIXED/M_NO_IDLE","promotions; scheduled_demotions; cleanup_demotions; total_demotions","旧T16仅R6","true","NOT_WRITTEN_NOT_RUN"
"SX10","last_sensitive／普通降级","连续d结构周期无敏感且cool结束可降级；range无结构钟","热转闲，仍非空；只有range时epoch停止；普通降级额度","P08","epochs; tree_buckets; scheduled_demotions","旧T11/T12参考","true","NOT_WRITTEN_NOT_RUN"
"SX11","cooldown／重新升树","C8前禁止迁移；到期可候选；降级后再升","使用合法API推进转换前后各epoch；不force","匹配转换臂","cooldown_end; promotions; demotions","旧T10/T17参考","true","NOT_WRITTEN_NOT_RUN"
"SX12","M_NO_IDLE唯一区别","scheduled分支关闭；cleanup、credit idle reset、候选、cool、budget仍开","对R6无idle轨迹一致；idle差异；空树仍立即清理","P08","scheduled_demotions=0; cleanup_demotions; credit","新增","true","NOT_WRITTEN_NOT_RUN"
"SX13","promote／demote准备失败","不提交新表示／内容；epoch不回滚；允许成功pool grow增加容量","真实allocator注入manager/tree/pool准备失败；后续合法周期重试","全部新转换臂","conversion_failures; records; pool_capacity","旧T13仅参考","true","NOT_WRITTEN_NOT_RUN"
"SX14","构造／grow／output失败","内容分配失败不观察不推进；range失败不提交部分观察；所有权释放","独立fail injection覆盖各构造前缀／pool耗尽／输出分配","全部新匹配臂","live_allocations; gain; epoch_ops","旧C_guards与range失败证据","true","NOT_WRITTEN_NOT_RUN"
"SX15","MemoryStats／global owner","四账与全局Index请求空间一致；whole峰值不是各peak之和","resource统一开INDEX_MEMORY+global owner；native/latency四账NA；窄Index作用域不含reference/cache；析构归零","resource全部臂","persistent_requested_bytes; whole_peak; manager_bytes","旧C_owner；Original分账未知记NA","true","NOT_WRITTEN_NOT_RUN"
"SX16","low／high输入生成","事件数相同且正W；定位工作量不同；集合恒定","q0单桶生成、逐步参考秩核验、所有臂同cache","F05/F06","events; avoidable_work; API_calls","既有同桶格子仅历史","true","NOT_WRITTEN_NOT_RUN"
"SX17","prefix输入／range","完整输出8条；API=2U+Q；range不推进epoch","半开边界与输出精确核验，查询后结构触碰可登记","F07/D07/D08","returned=8Q; queries; API_calls","新增输入规则","true","NOT_WRITTEN_NOT_RUN"
"SX18","F04阶段／old-alive","长度87381/87381/87382；查询11604；old身份只删一次","独立阶段边界／撤销池／shuffle／final重放与cache往返核验","F04","phase_units; phase_queries; total_API=535892","旧等长漂移不能冒充","true","NOT_WRITTEN_NOT_RUN"
"SX19","驱动／计时边界","统一静态dispatch；hash核验online内；初终values在线外；destroy另计","机械检查Clock与核验位置；实际宏/编译命令对账；构造次数；phase和online求和","全部timing","build_ns; online_ns; total_ns; destroy_ns; lifecycle_ns","旧wall_driver实际口径","true","NOT_WRITTEN_NOT_RUN"
"SX20","dev选择／配置锁","30完整输入；8候选；total等权log评分；精确tie小门槛；写一次","合成raw表测试评分与缺格拒绝；dev_selection完整hash锁","dev_only","8scores; selected_theta; selected_h","未校准、NOT_RUN","true","NOT_WRITTEN_NOT_RUN"
"SX21","runner／统计／失败","AB/BA两轮几何；AA有限包络；42族；IQR不是CI；无选择性重跑","预制CSV对账log_ci与ratio_ci尺度、faster/slower/unresolved、缺失重复非正/invalid隔离和42族阈值","primary/diagnostic/AA","median; IQR; wins; conditional_log_CI; noise","旧runner证据不免新增对接","true","NOT_WRITTEN_NOT_RUN"
"SX22","机制fixture热点迁移","旧热点非空；预算堵塞与回收可观测；合法结构clock","A/idle/B/idle/A轨迹；逐步参考、phase树成员、预算与计数对账","18机制回放","tree_buckets; gain/event; W; promotions; demotions","只登记未运行","true","NOT_WRITTEN_NOT_RUN"
"SX23","入口哈希／环境／resume","来源参数输入binary一致；固定P核；仅完整合格pair可复用","静态入口验收与预制损坏manifest／侧车测试；实际环境在S1验证","全部批次","sha256; process_mask; logical_cpu; attempt_status","旧入口核验不替代S1","true","NOT_WRITTEN_NOT_RUN"
"SX24","诊断事件／延迟／资源采样","生产R6不加hook；事件类型分开；树数与字节来自同资源运行","实际模式宏表；无tie副本vsR6逻辑对账、API ordinal与事件定位、量化p99/max、512单位采样去重","latency/resource","conversion_body_ns; api_latency_ns; p50/p95/p99/max; bytes","新增诊断构建未存在","true","NOT_WRITTEN_NOT_RUN"
