timepoint,method,case_id,seed,block,round,role,status,build,online,total
before,Original,F01,92001,1,1,A,valid,3731100,10854200,14585300
before,Original,F01,92001,1,1,B,valid,3395700,10585200,13980900
before,Original,F01,92001,1,2,B,valid,3831000,10751400,14582400
before,Original,F01,92001,1,2,A,valid,4263400,10586400,14849800
before,Original,F01,92001,2,1,A,valid,2983900,10444400,13428300
before,Original,F01,92001,2,1,B,valid,3622200,10475000,14097200
before,Original,F01,92001,2,2,B,valid,3514300,10596400,14110700
before,Original,F01,92001,2,2,A,valid,4420500,10652300,15072800
before,Original,F01,92001,3,1,A,valid,2865600,10977900,13843500
before,Original,F01,92001,3,1,B,valid,2841900,10620600,13462500
before,Original,F01,92001,3,2,B,valid,3305100,11098100,14403200
before,Original,F01,92001,3,2,A,valid,2844500,10540100,13384600
before,Original,F01,92001,4,1,A,valid,2772800,10702600,13475400
before,Original,F01,92001,4,1,B,valid,3054500,10801300,13855800
before,Original,F01,92001,4,2,B,valid,3107100,10963000,14070100
before,Original,F01,92001,4,2,A,valid,3035700,10803300,13839000
before,Original,F01,92001,5,1,A,valid,3450800,10696100,14146900
before,Original,F01,92001,5,1,B,valid,3098600,10947600,14046200
before,Original,F01,92001,5,2,B,valid,3347300,10567300,13914600
before,Original,F01,92001,5,2,A,valid,3450600,10452200,13902800
before,Original,F03,92001,1,1,A,valid,3018900,336617300,339636200
before,Original,F03,92001,1,1,B,valid,3269000,336134300,339403300
before,Original,F03,92001,1,2,B,valid,2985100,336659700,339644800
before,Original,F03,92001,1,2,A,valid,2929800,337706500,340636300
before,Original,F03,92001,2,1,A,valid,2714600,336213000,338927600
before,Original,F03,92001,2,1,B,valid,3296900,343768200,347065100
before,Original,F03,92001,2,2,B,valid,3063500,339694200,342757700
before,Original,F03,92001,2,2,A,valid,2864900,337144200,340009100
before,Original,F03,92001,3,1,A,valid,4078200,338211700,342289900
before,Original,F03,92001,3,1,B,valid,2968600,335866700,338835300
before,Original,F03,92001,3,2,B,valid,2829300,336500000,339329300
before,Original,F03,92001,3,2,A,valid,2995200,337760600,340755800
before,Original,F03,92001,4,1,A,valid,2911600,343580700,346492300
before,Original,F03,92001,4,1,B,valid,3288700,335208100,338496800
before,Original,F03,92001,4,2,B,valid,3222100,340033500,343255600
before,Original,F03,92001,4,2,A,valid,3389200,334055400,337444600
before,Original,F03,92001,5,1,A,valid,2764000,339254700,342018700
before,Original,F03,92001,5,1,B,valid,3090500,336463900,339554400
before,Original,F03,92001,5,2,B,valid,2901600,336081700,338983300
before,Original,F03,92001,5,2,A,valid,3156600,336703700,339860300
before,Original,F06,92001,1,1,A,valid,98400,28508400,28606800
before,Original,F06,92001,1,1,B,valid,98200,28392300,28490500
before,Original,F06,92001,1,2,B,valid,105700,28083700,28189400
before,Original,F06,92001,1,2,A,valid,104100,28169300,28273400
before,Original,F06,92001,2,1,A,valid,105800,28244400,28350200
before,Original,F06,92001,2,1,B,valid,105700,27926900,28032600
before,Original,F06,92001,2,2,B,valid,121100,28320000,28441100
before,Original,F06,92001,2,2,A,valid,116900,28002300,28119200
before,Original,F06,92001,3,1,A,valid,92700,28247600,28340300
before,Original,F06,92001,3,1,B,valid,100300,28486300,28586600
before,Original,F06,92001,3,2,B,valid,113400,28589100,28702500
before,Original,F06,92001,3,2,A,valid,89100,28099700,28188800
before,Original,F06,92001,4,1,A,valid,102100,29183400,29285500
before,Original,F06,92001,4,1,B,valid,135100,28260300,28395400
before,Original,F06,92001,4,2,B,valid,103400,28420200,28523600
before,Original,F06,92001,4,2,A,valid,93400,28252900,28346300
before,Original,F06,92001,5,1,A,valid,95600,28265400,28361000
before,Original,F06,92001,5,1,B,valid,99700,28077500,28177200
before,Original,F06,92001,5,2,B,valid,103600,28524400,28628000
before,Original,F06,92001,5,2,A,valid,114400,28664100,28778500
before,M_LIST,F01,92001,1,1,A,valid,6218100,10717300,16935400
before,M_LIST,F01,92001,1,1,B,valid,5823300,10629500,16452800
before,M_LIST,F01,92001,1,2,B,valid,5998000,10643500,16641500
before,M_LIST,F01,92001,1,2,A,valid,6300300,10721100,17021400
before,M_LIST,F01,92001,2,1,A,valid,6050500,10626000,16676500
before,M_LIST,F01,92001,2,1,B,valid,5833100,10576900,16410000
before,M_LIST,F01,92001,2,2,B,valid,6078200,10606400,16684600
before,M_LIST,F01,92001,2,2,A,valid,5997400,10744900,16742300
before,M_LIST,F01,92001,3,1,A,valid,5896200,10799100,16695300
before,M_LIST,F01,92001,3,1,B,valid,5908000,10909300,16817300
before,M_LIST,F01,92001,3,2,B,valid,6266600,11134700,17401300
before,M_LIST,F01,92001,3,2,A,valid,5999000,10727900,16726900
before,M_LIST,F01,92001,4,1,A,valid,5904600,10683100,16587700
before,M_LIST,F01,92001,4,1,B,valid,5910400,10938700,16849100
before,M_LIST,F01,92001,4,2,B,valid,6267400,10613600,16881000
before,M_LIST,F01,92001,4,2,A,valid,5872900,10619800,16492700
before,M_LIST,F01,92001,5,1,A,valid,5857900,11007500,16865400
before,M_LIST,F01,92001,5,1,B,valid,5870000,10716100,16586100
before,M_LIST,F01,92001,5,2,B,valid,6092100,10786900,16879000
before,M_LIST,F01,92001,5,2,A,valid,6040500,10797000,16837500
before,M_LIST,F03,92001,1,1,A,valid,5923800,267812800,273736600
before,M_LIST,F03,92001,1,1,B,valid,5882000,265862200,271744200
before,M_LIST,F03,92001,1,2,B,valid,6638500,269697700,276336200
before,M_LIST,F03,92001,1,2,A,valid,6307800,269391100,275698900
before,M_LIST,F03,92001,2,1,A,valid,5940500,266443800,272384300
before,M_LIST,F03,92001,2,1,B,valid,5981100,269031100,275012200
before,M_LIST,F03,92001,2,2,B,valid,6049400,267030600,273080000
before,M_LIST,F03,92001,2,2,A,valid,5899400,269640500,275539900
before,M_LIST,F03,92001,3,1,A,valid,6015300,268008400,274023700
before,M_LIST,F03,92001,3,1,B,valid,6481200,266933500,273414700
before,M_LIST,F03,92001,3,2,B,valid,5808100,267256700,273064800
before,M_LIST,F03,92001,3,2,A,valid,5978700,267012200,272990900
before,M_LIST,F03,92001,4,1,A,valid,5829300,267030700,272860000
before,M_LIST,F03,92001,4,1,B,valid,5985700,267617900,273603600
before,M_LIST,F03,92001,4,2,B,valid,6059600,267445100,273504700
before,M_LIST,F03,92001,4,2,A,valid,6053300,267846100,273899400
before,M_LIST,F03,92001,5,1,A,valid,6006000,267304500,273310500
before,M_LIST,F03,92001,5,1,B,valid,6108000,267096200,273204200
before,M_LIST,F03,92001,5,2,B,valid,5875600,268633300,274508900
before,M_LIST,F03,92001,5,2,A,valid,5923000,268580600,274503600
before,M_LIST,F06,92001,1,1,A,valid,267300,29458000,29725300
before,M_LIST,F06,92001,1,1,B,valid,286000,28488400,28774400
before,M_LIST,F06,92001,1,2,B,valid,282600,29078200,29360800
before,M_LIST,F06,92001,1,2,A,valid,286400,28561900,28848300
before,M_LIST,F06,92001,2,1,A,valid,228500,27976200,28204700
before,M_LIST,F06,92001,2,1,B,valid,252400,27922900,28175300
before,M_LIST,F06,92001,2,2,B,valid,312700,28012800,28325500
before,M_LIST,F06,92001,2,2,A,valid,243200,28186000,28429200
before,M_LIST,F06,92001,3,1,A,valid,256700,28147900,28404600
before,M_LIST,F06,92001,3,1,B,valid,263000,28350300,28613300
before,M_LIST,F06,92001,3,2,B,valid,257000,28428200,28685200
before,M_LIST,F06,92001,3,2,A,valid,256200,28220300,28476500
before,M_LIST,F06,92001,4,1,A,valid,314000,28586500,28900500
before,M_LIST,F06,92001,4,1,B,valid,291200,28122900,28414100
before,M_LIST,F06,92001,4,2,B,valid,264200,27995900,28260100
before,M_LIST,F06,92001,4,2,A,valid,246000,28144000,28390000
before,M_LIST,F06,92001,5,1,A,valid,237500,28535100,28772600
before,M_LIST,F06,92001,5,1,B,valid,253500,28223000,28476500
before,M_LIST,F06,92001,5,2,B,valid,255200,28503800,28759000
before,M_LIST,F06,92001,5,2,A,valid,238500,28331400,28569900
before,R6,F01,92001,1,1,A,valid,6174000,13174300,19348300
before,R6,F01,92001,1,1,B,valid,6093600,13224700,19318300
before,R6,F01,92001,1,2,B,valid,6052700,13110400,19163100
before,R6,F01,92001,1,2,A,valid,5814200,13055800,18870000
before,R6,F01,92001,2,1,A,valid,5955200,13195300,19150500
before,R6,F01,92001,2,1,B,valid,5818800,13114100,18932900
before,R6,F01,92001,2,2,B,valid,6386900,13081900,19468800
before,R6,F01,92001,2,2,A,valid,5797900,13067400,18865300
before,R6,F01,92001,3,1,A,valid,6021300,13181800,19203100
before,R6,F01,92001,3,1,B,valid,6010800,12949400,18960200
before,R6,F01,92001,3,2,B,valid,6576000,13365600,19941600
before,R6,F01,92001,3,2,A,valid,5931300,13075400,19006700
before,R6,F01,92001,4,1,A,valid,6496300,13075200,19571500
before,R6,F01,92001,4,1,B,valid,6140300,13219900,19360200
before,R6,F01,92001,4,2,B,valid,6055900,13364400,19420300
before,R6,F01,92001,4,2,A,valid,5790500,13067200,18857700
before,R6,F01,92001,5,1,A,valid,5781400,13277300,19058700
before,R6,F01,92001,5,1,B,valid,5793700,13081700,18875400
before,R6,F01,92001,5,2,B,valid,6466800,14899500,21366300
before,R6,F01,92001,5,2,A,valid,6495700,13185300,19681000
before,R6,F03,92001,1,1,A,valid,6247300,338210800,344458100
before,R6,F03,92001,1,1,B,valid,5829300,338786500,344615800
before,R6,F03,92001,1,2,B,valid,5976100,337759700,343735800
before,R6,F03,92001,1,2,A,valid,6241000,344021000,350262000
before,R6,F03,92001,2,1,A,valid,6390200,340268800,346659000
before,R6,F03,92001,2,1,B,valid,6116400,339601500,345717900
before,R6,F03,92001,2,2,B,valid,5808400,337649300,343457700
before,R6,F03,92001,2,2,A,valid,5818400,343537800,349356200
before,R6,F03,92001,3,1,A,valid,5943100,336104000,342047100
before,R6,F03,92001,3,1,B,valid,5839700,340681100,346520800
before,R6,F03,92001,3,2,B,valid,6206100,339287600,345493700
before,R6,F03,92001,3,2,A,valid,6122000,339226200,345348200
before,R6,F03,92001,4,1,A,valid,5910000,337961800,343871800
before,R6,F03,92001,4,1,B,valid,6540400,339074400,345614800
before,R6,F03,92001,4,2,B,valid,6023600,339598300,345621900
before,R6,F03,92001,4,2,A,valid,6133100,339344600,345477700
before,R6,F03,92001,5,1,A,valid,5981500,338776200,344757700
before,R6,F03,92001,5,1,B,valid,5868700,339639800,345508500
before,R6,F03,92001,5,2,B,valid,6093400,339263900,345357300
before,R6,F03,92001,5,2,A,valid,6901000,339858500,346759500
before,R6,F06,92001,1,1,A,valid,228600,3078000,3306600
before,R6,F06,92001,1,1,B,valid,243600,2935700,3179300
before,R6,F06,92001,1,2,B,valid,228600,2953100,3181700
before,R6,F06,92001,1,2,A,valid,267400,2945900,3213300
before,R6,F06,92001,2,1,A,valid,230100,2927200,3157300
before,R6,F06,92001,2,1,B,valid,240700,2926300,3167000
before,R6,F06,92001,2,2,B,valid,237600,2940600,3178200
before,R6,F06,92001,2,2,A,valid,238600,2938800,3177400
before,R6,F06,92001,3,1,A,valid,238900,2926100,3165000
before,R6,F06,92001,3,1,B,valid,249000,2924700,3173700
before,R6,F06,92001,3,2,B,valid,254500,3045600,3300100
before,R6,F06,92001,3,2,A,valid,260800,2899600,3160400
before,R6,F06,92001,4,1,A,valid,274100,2983100,3257200
before,R6,F06,92001,4,1,B,valid,247600,3143600,3391200
before,R6,F06,92001,4,2,B,valid,304400,3061200,3365600
before,R6,F06,92001,4,2,A,valid,279800,2981700,3261500
before,R6,F06,92001,5,1,A,valid,286600,3791800,4078400
before,R6,F06,92001,5,1,B,valid,319700,3496300,3816000
before,R6,F06,92001,5,2,B,valid,290700,3526900,3817600
before,R6,F06,92001,5,2,A,valid,303400,3640000,3943400
after,Original,F01,92001,1,1,A,valid,3311300,10726100,14037400
after,Original,F01,92001,1,1,B,valid,2831500,10620300,13451800
after,Original,F01,92001,1,2,B,valid,2755200,10851800,13607000
after,Original,F01,92001,1,2,A,valid,2831300,10777500,13608800
after,Original,F01,92001,2,1,A,valid,2625700,10573600,13199300
after,Original,F01,92001,2,1,B,valid,2963400,10354300,13317700
after,Original,F01,92001,2,2,B,valid,4194300,10867900,15062200
after,Original,F01,92001,2,2,A,valid,2934300,10642900,13577200
after,Original,F01,92001,3,1,A,valid,2766500,10571500,13338000
after,Original,F01,92001,3,1,B,valid,3013700,10525000,13538700
after,Original,F01,92001,3,2,B,valid,3601100,12092600,15693700
after,Original,F01,92001,3,2,A,valid,2853100,10747400,13600500
after,Original,F01,92001,4,1,A,valid,2794100,10420300,13214400
after,Original,F01,92001,4,1,B,valid,2746600,10804400,13551000
after,Original,F01,92001,4,2,B,valid,3809900,10631900,14441800
after,Original,F01,92001,4,2,A,valid,2897200,10539300,13436500
after,Original,F01,92001,5,1,A,valid,2949700,10657000,13606700
after,Original,F01,92001,5,1,B,valid,3064300,10341400,13405700
after,Original,F01,92001,5,2,B,valid,4075400,10921000,14996400
after,Original,F01,92001,5,2,A,valid,3011400,10516900,13528300
after,Original,F03,92001,1,1,A,valid,2862400,336038900,338901300
after,Original,F03,92001,1,1,B,valid,2923800,337348200,340272000
after,Original,F03,92001,1,2,B,valid,3187900,336300000,339487900
after,Original,F03,92001,1,2,A,valid,3314500,335783200,339097700
after,Original,F03,92001,2,1,A,valid,2777400,337183900,339961300
after,Original,F03,92001,2,1,B,valid,2992000,338176700,341168700
after,Original,F03,92001,2,2,B,valid,3050800,334892400,337943200
after,Original,F03,92001,2,2,A,valid,2774500,336354400,339128900
after,Original,F03,92001,3,1,A,valid,2942700,335005100,337947800
after,Original,F03,92001,3,1,B,valid,2725600,335768900,338494500
after,Original,F03,92001,3,2,B,valid,2865000,355586000,358451000
after,Original,F03,92001,3,2,A,valid,2834300,339008600,341842900
after,Original,F03,92001,4,1,A,valid,2847900,335260600,338108500
after,Original,F03,92001,4,1,B,valid,2809100,335477400,338286500
after,Original,F03,92001,4,2,B,valid,3055000,335000000,338055000
after,Original,F03,92001,4,2,A,valid,2844800,336232700,339077500
after,Original,F03,92001,5,1,A,valid,2824900,335312200,338137100
after,Original,F03,92001,5,1,B,valid,2968100,335396400,338364500
after,Original,F03,92001,5,2,B,valid,3091000,339442000,342533000
after,Original,F03,92001,5,2,A,valid,3015000,334634200,337649200
after,Original,F06,92001,1,1,A,valid,110200,34750200,34860400
after,Original,F06,92001,1,1,B,valid,99700,34562300,34662000
after,Original,F06,92001,1,2,B,valid,90900,28536000,28626900
after,Original,F06,92001,1,2,A,valid,93400,28530700,28624100
after,Original,F06,92001,2,1,A,valid,107000,28615600,28722600
after,Original,F06,92001,2,1,B,valid,112500,29737500,29850000
after,Original,F06,92001,2,2,B,valid,93700,28460300,28554000
after,Original,F06,92001,2,2,A,valid,96900,28516600,28613500
after,Original,F06,92001,3,1,A,valid,94000,28621100,28715100
after,Original,F06,92001,3,1,B,valid,92800,28664200,28757000
after,Original,F06,92001,3,2,B,valid,118800,30379000,30497800
after,Original,F06,92001,3,2,A,valid,120900,28569000,28689900
after,Original,F06,92001,4,1,A,valid,89200,28798700,28887900
after,Original,F06,92001,4,1,B,valid,93400,28351700,28445100
after,Original,F06,92001,4,2,B,valid,95900,28761100,28857000
after,Original,F06,92001,4,2,A,valid,110300,28481000,28591300
after,Original,F06,92001,5,1,A,valid,99500,28688600,28788100
after,Original,F06,92001,5,1,B,valid,87700,28607200,28694900
after,Original,F06,92001,5,2,B,valid,104000,28342300,28446300
after,Original,F06,92001,5,2,A,valid,97300,28889800,28987100
after,M_LIST,F01,92001,1,1,A,valid,6484100,10737100,17221200
after,M_LIST,F01,92001,1,1,B,valid,5889400,10885600,16775000
after,M_LIST,F01,92001,1,2,B,valid,5884800,10928600,16813400
after,M_LIST,F01,92001,1,2,A,valid,5808600,10756000,16564600
after,M_LIST,F01,92001,2,1,A,valid,5948500,10976900,16925400
after,M_LIST,F01,92001,2,1,B,valid,5923200,10728500,16651700
after,M_LIST,F01,92001,2,2,B,valid,6651600,10872600,17524200
after,M_LIST,F01,92001,2,2,A,valid,5950700,10658500,16609200
after,M_LIST,F01,92001,3,1,A,valid,5942200,11100000,17042200
after,M_LIST,F01,92001,3,1,B,valid,6108200,10857200,16965400
after,M_LIST,F01,92001,3,2,B,valid,6216400,11158000,17374400
after,M_LIST,F01,92001,3,2,A,valid,5909600,10583200,16492800
after,M_LIST,F01,92001,4,1,A,valid,5909800,10782400,16692200
after,M_LIST,F01,92001,4,1,B,valid,6245400,10622700,16868100
after,M_LIST,F01,92001,4,2,B,valid,6156900,11024900,17181800
after,M_LIST,F01,92001,4,2,A,valid,6133000,10779900,16912900
after,M_LIST,F01,92001,5,1,A,valid,5862600,10659000,16521600
after,M_LIST,F01,92001,5,1,B,valid,6067600,10881800,16949400
after,M_LIST,F01,92001,5,2,B,valid,6202400,11214800,17417200
after,M_LIST,F01,92001,5,2,A,valid,6041500,10675600,16717100
after,M_LIST,F03,92001,1,1,A,valid,5885300,267192700,273078000
after,M_LIST,F03,92001,1,1,B,valid,6042700,267320900,273363600
after,M_LIST,F03,92001,1,2,B,valid,5860200,268209900,274070100
after,M_LIST,F03,92001,1,2,A,valid,5847900,268348500,274196400
after,M_LIST,F03,92001,2,1,A,valid,6199600,268335100,274534700
after,M_LIST,F03,92001,2,1,B,valid,6019300,267589500,273608800
after,M_LIST,F03,92001,2,2,B,valid,5974600,266882500,272857100
after,M_LIST,F03,92001,2,2,A,valid,5883600,267458400,273342000
after,M_LIST,F03,92001,3,1,A,valid,5812200,267317600,273129800
after,M_LIST,F03,92001,3,1,B,valid,6091900,269251800,275343700
after,M_LIST,F03,92001,3,2,B,valid,5877500,268013900,273891400
after,M_LIST,F03,92001,3,2,A,valid,6050400,265712100,271762500
after,M_LIST,F03,92001,4,1,A,valid,5863800,267340800,273204600
after,M_LIST,F03,92001,4,1,B,valid,6327900,269698300,276026200
after,M_LIST,F03,92001,4,2,B,valid,5824100,266413900,272238000
after,M_LIST,F03,92001,4,2,A,valid,6090500,267617700,273708200
after,M_LIST,F03,92001,5,1,A,valid,6244100,266326000,272570100
after,M_LIST,F03,92001,5,1,B,valid,5931000,265871500,271802500
after,M_LIST,F03,92001,5,2,B,valid,5976400,267850900,273827300
after,M_LIST,F03,92001,5,2,A,valid,5999400,268246600,274246000
after,M_LIST,F06,92001,1,1,A,valid,233400,28052200,28285600
after,M_LIST,F06,92001,1,1,B,valid,243600,28252000,28495600
after,M_LIST,F06,92001,1,2,B,valid,245700,28403200,28648900
after,M_LIST,F06,92001,1,2,A,valid,239500,28906000,29145500
after,M_LIST,F06,92001,2,1,A,valid,245000,28292500,28537500
after,M_LIST,F06,92001,2,1,B,valid,234100,27932100,28166200
after,M_LIST,F06,92001,2,2,B,valid,243700,28298000,28541700
after,M_LIST,F06,92001,2,2,A,valid,248900,28240000,28488900
after,M_LIST,F06,92001,3,1,A,valid,247700,30153100,30400800
after,M_LIST,F06,92001,3,1,B,valid,230600,28117500,28348100
after,M_LIST,F06,92001,3,2,B,valid,245400,28175500,28420900
after,M_LIST,F06,92001,3,2,A,valid,251200,28453600,28704800
after,M_LIST,F06,92001,4,1,A,valid,254900,28273800,28528700
after,M_LIST,F06,92001,4,1,B,valid,266500,28115700,28382200
after,M_LIST,F06,92001,4,2,B,valid,232900,28329400,28562300
after,M_LIST,F06,92001,4,2,A,valid,249000,28070000,28319000
after,M_LIST,F06,92001,5,1,A,valid,233100,28262600,28495700
after,M_LIST,F06,92001,5,1,B,valid,262200,28265800,28528000
after,M_LIST,F06,92001,5,2,B,valid,246200,28152200,28398400
after,M_LIST,F06,92001,5,2,A,valid,260200,28139500,28399700
after,R6,F01,92001,1,1,A,valid,5918500,13150400,19068900
after,R6,F01,92001,1,1,B,valid,5804300,13021600,18825900
after,R6,F01,92001,1,2,B,valid,6057500,13096200,19153700
after,R6,F01,92001,1,2,A,valid,5874600,13077100,18951700
after,R6,F01,92001,2,1,A,valid,6067900,13099900,19167800
after,R6,F01,92001,2,1,B,valid,6223100,12982600,19205700
after,R6,F01,92001,2,2,B,valid,6512000,13345700,19857700
after,R6,F01,92001,2,2,A,valid,5988600,13262800,19251400
after,R6,F01,92001,3,1,A,valid,6011300,13154500,19165800
after,R6,F01,92001,3,1,B,valid,5918700,13056000,18974700
after,R6,F01,92001,3,2,B,valid,6145800,13309300,19455100
after,R6,F01,92001,3,2,A,valid,5913300,13063700,18977000
after,R6,F01,92001,4,1,A,valid,5893100,13100400,18993500
after,R6,F01,92001,4,1,B,valid,5851400,13219900,19071300
after,R6,F01,92001,4,2,B,valid,6458300,13723200,20181500
after,R6,F01,92001,4,2,A,valid,6058300,13081900,19140200
after,R6,F01,92001,5,1,A,valid,6023300,13125900,19149200
after,R6,F01,92001,5,1,B,valid,5918600,13044500,18963100
after,R6,F01,92001,5,2,B,valid,6234500,13621400,19855900
after,R6,F01,92001,5,2,A,valid,5860700,12887900,18748600
after,R6,F03,92001,1,1,A,valid,5902600,335403900,341306500
after,R6,F03,92001,1,1,B,valid,6009400,337043100,343052500
after,R6,F03,92001,1,2,B,valid,5813500,334947400,340760900
after,R6,F03,92001,1,2,A,valid,5835000,333640200,339475200
after,R6,F03,92001,2,1,A,valid,5975700,334874200,340849900
after,R6,F03,92001,2,1,B,valid,6102100,340457500,346559600
after,R6,F03,92001,2,2,B,valid,6026100,336837500,342863600
after,R6,F03,92001,2,2,A,valid,5933200,340346300,346279500
after,R6,F03,92001,3,1,A,valid,6117200,333892200,340009400
after,R6,F03,92001,3,1,B,valid,5939000,334461500,340400500
after,R6,F03,92001,3,2,B,valid,6037300,335425400,341462700
after,R6,F03,92001,3,2,A,valid,6231100,337024100,343255200
after,R6,F03,92001,4,1,A,valid,6175300,337335900,343511200
after,R6,F03,92001,4,1,B,valid,5880200,334388400,340268600
after,R6,F03,92001,4,2,B,valid,6023200,335005200,341028400
after,R6,F03,92001,4,2,A,valid,6023200,337906500,343929700
after,R6,F03,92001,5,1,A,valid,6142700,335212700,341355400
after,R6,F03,92001,5,1,B,valid,5825500,335418600,341244100
after,R6,F03,92001,5,2,B,valid,5801700,336365900,342167600
after,R6,F03,92001,5,2,A,valid,5821900,337304400,343126300
after,R6,F06,92001,1,1,A,valid,231100,3017000,3248100
after,R6,F06,92001,1,1,B,valid,240000,2929000,3169000
after,R6,F06,92001,1,2,B,valid,245100,2914800,3159900
after,R6,F06,92001,1,2,A,valid,242200,2925100,3167300
after,R6,F06,92001,2,1,A,valid,270500,2938500,3209000
after,R6,F06,92001,2,1,B,valid,237200,2992200,3229400
after,R6,F06,92001,2,2,B,valid,239000,2911200,3150200
after,R6,F06,92001,2,2,A,valid,245300,2920800,3166100
after,R6,F06,92001,3,1,A,valid,244500,2952200,3196700
after,R6,F06,92001,3,1,B,valid,238700,2939500,3178200
after,R6,F06,92001,3,2,B,valid,252700,3010300,3263000
after,R6,F06,92001,3,2,A,valid,249800,2922600,3172400
after,R6,F06,92001,4,1,A,valid,244100,2919300,3163400
after,R6,F06,92001,4,1,B,valid,264000,2906200,3170200
after,R6,F06,92001,4,2,B,valid,251800,2903300,3155100
after,R6,F06,92001,4,2,A,valid,265600,2906800,3172400
after,R6,F06,92001,5,1,A,valid,236500,2935100,3171600
after,R6,F06,92001,5,1,B,valid,254200,3051500,3305700
after,R6,F06,92001,5,2,B,valid,243200,2929600,3172800
after,R6,F06,92001,5,2,A,valid,264700,3003500,3268200
