case_id,seed,method,field,first_value,other_value,first_pair,other_pair,other_round,other_role
F01,91001,M_FIXED_128,total_avoidable_work,30234,29800,F01:91001:DIA02,F01:91001:DIA02,2,A
F04,91001,M_EVENT_16,total_avoidable_work,43778232,43849408,F04:91001:DIA01,F04:91001:DIA01,2,A
F04,91001,M_EVENT_16,promotions,52,51,F04:91001:DIA01,F04:91001:DIA01,2,A
F04,91001,M_EVENT_16,scheduled_demotions,51,50,F04:91001:DIA01,F04:91001:DIA01,2,A
F04,91001,M_EVENT_16,total_demotions,52,51,F04:91001:DIA01,F04:91001:DIA01,2,A
F04,91001,M_EVENT_16,total_avoidable_work,43778232,43750774,F04:91001:DIA01,F04:91001:P06,1,A
F04,91001,M_EVENT_16,total_avoidable_work,43778232,43850576,F04:91001:DIA01,F04:91001:P06,2,A
F04,91001,M_EVENT_16,promotions,52,51,F04:91001:DIA01,F04:91001:P06,2,A
F04,91001,M_EVENT_16,scheduled_demotions,51,50,F04:91001:DIA01,F04:91001:P06,2,A
F04,91001,M_EVENT_16,total_demotions,52,51,F04:91001:DIA01,F04:91001:P06,2,A
F04,91002,M_EVENT_16,total_avoidable_work,41313490,41305410,F04:91002:DIA01,F04:91002:DIA01,2,A
F04,91002,M_EVENT_16,total_avoidable_work,41313490,41304580,F04:91002:DIA01,F04:91002:P06,2,A
F04,91003,M_EVENT_16,total_avoidable_work,45839912,45895378,F04:91003:DIA01,F04:91003:DIA01,2,A
F04,91003,M_EVENT_16,promotions,47,46,F04:91003:DIA01,F04:91003:DIA01,2,A
F04,91003,M_EVENT_16,scheduled_demotions,46,45,F04:91003:DIA01,F04:91003:DIA01,2,A
F04,91003,M_EVENT_16,total_demotions,47,46,F04:91003:DIA01,F04:91003:DIA01,2,A
F04,91003,M_EVENT_16,cand_max,177,178,F04:91003:DIA01,F04:91003:DIA01,2,A
F04,91003,M_EVENT_16,total_avoidable_work,45839912,45895378,F04:91003:DIA01,F04:91003:P06,1,A
F04,91003,M_EVENT_16,promotions,47,46,F04:91003:DIA01,F04:91003:P06,1,A
F04,91003,M_EVENT_16,scheduled_demotions,46,45,F04:91003:DIA01,F04:91003:P06,1,A
F04,91003,M_EVENT_16,total_demotions,47,46,F04:91003:DIA01,F04:91003:P06,1,A
F04,91003,M_EVENT_16,cand_max,177,178,F04:91003:DIA01,F04:91003:P06,1,A
F04,91004,M_EVENT_16,total_avoidable_work,38585602,38622554,F04:91004:DIA01,F04:91004:DIA01,2,A
F04,91004,M_EVENT_16,total_avoidable_work,38585602,38584640,F04:91004:DIA01,F04:91004:P06,1,A
F04,91004,M_EVENT_16,total_avoidable_work,38585602,38622554,F04:91004:DIA01,F04:91004:P06,2,A
F04,91005,M_EVENT_16,total_avoidable_work,47500016,47473022,F04:91005:DIA01,F04:91005:P06,1,A
F04,91005,M_EVENT_16,total_avoidable_work,47500016,47473022,F04:91005:DIA01,F04:91005:P06,2,A
F04,91006,M_EVENT_16,total_avoidable_work,46338316,46334890,F04:91006:DIA01,F04:91006:DIA01,2,A
F04,91006,M_EVENT_16,total_avoidable_work,46338316,46278170,F04:91006:DIA01,F04:91006:P06,1,A
F04,91006,M_EVENT_16,promotions,49,48,F04:91006:DIA01,F04:91006:P06,1,A
F04,91006,M_EVENT_16,scheduled_demotions,48,47,F04:91006:DIA01,F04:91006:P06,1,A
F04,91006,M_EVENT_16,total_demotions,49,48,F04:91006:DIA01,F04:91006:P06,1,A
F04,91006,M_EVENT_16,total_avoidable_work,46338316,46275176,F04:91006:DIA01,F04:91006:P06,2,A
F04,91006,M_EVENT_16,promotions,49,48,F04:91006:DIA01,F04:91006:P06,2,A
F04,91006,M_EVENT_16,scheduled_demotions,48,47,F04:91006:DIA01,F04:91006:P06,2,A
F04,91006,M_EVENT_16,total_demotions,49,48,F04:91006:DIA01,F04:91006:P06,2,A
F04,91007,M_EVENT_16,total_avoidable_work,39472750,39472866,F04:91007:DIA01,F04:91007:DIA01,2,A
F04,91007,M_EVENT_16,total_avoidable_work,39472750,39472866,F04:91007:DIA01,F04:91007:P06,1,A
F04,91008,M_EVENT_16,total_avoidable_work,47048476,47065400,F04:91008:DIA01,F04:91008:DIA01,2,A
F04,91008,M_EVENT_16,promotions,52,51,F04:91008:DIA01,F04:91008:DIA01,2,A
F04,91008,M_EVENT_16,scheduled_demotions,50,49,F04:91008:DIA01,F04:91008:DIA01,2,A
F04,91008,M_EVENT_16,total_demotions,52,51,F04:91008:DIA01,F04:91008:DIA01,2,A
F04,91008,M_EVENT_16,total_avoidable_work,47048476,47082448,F04:91008:DIA01,F04:91008:P06,1,A
F04,91008,M_EVENT_16,promotions,52,53,F04:91008:DIA01,F04:91008:P06,1,A
F04,91008,M_EVENT_16,scheduled_demotions,50,51,F04:91008:DIA01,F04:91008:P06,1,A
F04,91008,M_EVENT_16,total_demotions,52,53,F04:91008:DIA01,F04:91008:P06,1,A
F04,91008,M_EVENT_16,total_avoidable_work,47048476,47082448,F04:91008:DIA01,F04:91008:P06,2,A
F04,91008,M_EVENT_16,promotions,52,53,F04:91008:DIA01,F04:91008:P06,2,A
F04,91008,M_EVENT_16,scheduled_demotions,50,51,F04:91008:DIA01,F04:91008:P06,2,A
F04,91008,M_EVENT_16,total_demotions,52,53,F04:91008:DIA01,F04:91008:P06,2,A
F04,91009,M_EVENT_16,total_avoidable_work,41872712,41924924,F04:91009:DIA01,F04:91009:DIA01,2,A
F04,91009,M_EVENT_16,promotions,48,47,F04:91009:DIA01,F04:91009:DIA01,2,A
F04,91009,M_EVENT_16,scheduled_demotions,48,47,F04:91009:DIA01,F04:91009:DIA01,2,A
F04,91009,M_EVENT_16,total_demotions,48,47,F04:91009:DIA01,F04:91009:DIA01,2,A
F04,91009,M_FIXED_128,total_avoidable_work,50756144,50734080,F04:91009:DIA02,F04:91009:DIA02,2,A
F04,91009,M_FIXED_128,promotions,697,700,F04:91009:DIA02,F04:91009:DIA02,2,A
F04,91009,M_FIXED_128,scheduled_demotions,602,605,F04:91009:DIA02,F04:91009:DIA02,2,A
F04,91009,M_FIXED_128,total_demotions,695,698,F04:91009:DIA02,F04:91009:DIA02,2,A
F04,91009,M_EVENT_16,total_avoidable_work,41872712,41924924,F04:91009:DIA01,F04:91009:P06,1,A
F04,91009,M_EVENT_16,promotions,48,47,F04:91009:DIA01,F04:91009:P06,1,A
F04,91009,M_EVENT_16,scheduled_demotions,48,47,F04:91009:DIA01,F04:91009:P06,1,A
F04,91009,M_EVENT_16,total_demotions,48,47,F04:91009:DIA01,F04:91009:P06,1,A
F04,91010,M_EVENT_16,total_avoidable_work,44026234,44025866,F04:91010:DIA01,F04:91010:DIA01,2,A
F04,91010,M_EVENT_16,total_avoidable_work,44026234,44041070,F04:91010:DIA01,F04:91010:P06,1,A
F04,91010,M_EVENT_16,total_avoidable_work,44026234,44025496,F04:91010:DIA01,F04:91010:P06,2,A
