pair,case_id,component,n,median,q25,q75,iqr,wins,mean_log,sample_sd_log,geometric_mean,family_size,alpha,critical_t,ci_estimand,log_ci_lower,log_ci_upper,ratio_ci_lower,ratio_ci_upper,aa_log_floor,classification,reference,candidate
DIA01,F01,build,10,1.0285950624827027,1.0004021564240806,1.0841080283149718,0.08370587189089118,3,0.04481668169301604,0.07266495800846635,1.0458361214275043,1,0.05,2.2621571627982027,geometric_mean,-0.007164697840408678,0.09679806122644075,0.9928609074193536,1.1016378877535458,0.23912363366440556,unresolved,M_EVENT_16,R6
DIA01,F01,online,10,1.0904509801671536,1.0875753718327228,1.105404247179155,0.017828875346432183,0,0.09202160488009811,0.011797374402043983,1.0963885091672192,1,0.05,2.2621571627982027,geometric_mean,0.08358227162927442,0.1004609381309218,1.0871746552438344,1.1056804509155105,0.05676075454972989,strong_slow,M_EVENT_16,R6
DIA01,F01,total,10,1.0768829652616794,1.0661835062721947,1.0942662015121143,0.028082695239919575,0,0.07708889228573258,0.027139984748976113,1.0801380880687437,1,0.05,2.2621571627982027,geometric_mean,0.057674116767614025,0.09650366780385114,1.0593697086267688,1.101313620538725,0.07904397400633376,unresolved,M_EVENT_16,R6
DIA02,F01,build,10,1.0450416157297193,1.0168184289575677,1.0810021884144003,0.06418375945683263,2,0.03841316139456723,0.06749072650100632,1.0391604851923906,1,0.05,2.2621571627982027,geometric_mean,-0.009866795896904944,0.0866931186860394,0.990181721233074,1.090561955274776,0.23912363366440556,unresolved,M_FIXED_128,R6
DIA02,F01,online,10,0.31822604661960063,0.31478172968441664,0.3230882495108988,0.008306519826482173,10,-1.1510746298744683,0.03537424048131499,0.3162966848125692,1,0.05,2.2621571627982027,geometric_mean,-1.176379837096244,-1.1257694226526926,0.3083931536566621,0.32440276847002086,0.05676075454972989,strong_fast,M_FIXED_128,R6
DIA02,F01,total,10,0.4132337563763353,0.40898453129657264,0.41755834900197414,0.008573817705401499,10,-0.8953873267190529,0.04182067071651014,0.408449364646392,1,0.05,2.2621571627982027,geometric_mean,-0.9253040323284335,-0.8654706211096722,0.3964108790293184,0.4208534434992198,0.07904397400633376,strong_fast,M_FIXED_128,R6
P01,F01,build,10,2.169617788300798,2.0939915442650743,2.2188608666142775,0.12486932234920323,0,0.7708924856370807,0.06689248681607707,2.1616946745617884,1,0.05,2.2621571627982027,geometric_mean,0.7230404832356484,0.818744488038513,2.060689186154475,2.2676509865852723,0.23912363366440556,strong_slow,Original,M_LIST
P01,F01,online,10,1.0319620284586475,1.022000619275873,1.0366892985846503,0.014688679308777264,1,0.02900453082376107,0.014618826282356188,1.0294292586271099,1,0.05,2.2621571627982027,geometric_mean,0.018546852485492125,0.03946220916203001,1.0187199136114413,1.0402511861781076,0.05676075454972989,unresolved,Original,M_LIST
P01,F01,total,10,1.2805019629526493,1.2583437874716168,1.291672355365239,0.03332856789362215,0,0.24292002522653372,0.018695635993781066,1.2749666548716299,1,0.05,2.2621571627982027,geometric_mean,0.2295459729068687,0.2562940775461987,1.2580287011302054,1.2921326592741311,0.07904397400633376,strong_slow,Original,M_LIST
P02,F01,build,10,1.0346156582386916,1.0191820848369464,1.0465318949135642,0.027349810076617853,2,0.03519971436342999,0.0450539774635537,1.035826557585171,1,0.05,2.2621571627982027,geometric_mean,0.0029700404434301886,0.06742938828342979,1.002974455383316,1.0697547197138648,0.23912363366440556,unresolved,M_LIST,M_OBSERVE_LIST
P02,F01,online,10,1.160528538672942,1.1524628655698899,1.1676129191567828,0.01515005358689292,0,0.14991264477866223,0.009753200076862058,1.1617327548736633,1,0.05,2.2621571627982027,geometric_mean,0.14293562574836535,0.1568896638089591,1.153655533563942,1.1698665281628864,0.05676075454972989,strong_slow,M_LIST,M_OBSERVE_LIST
P02,F01,total,10,1.1134750887413565,1.10497168560928,1.129311666247919,0.02433998063863907,0,0.11071411734897649,0.01641394980385933,1.1170755086936184,1,0.05,2.2621571627982027,geometric_mean,0.09897228500252989,0.12245594969542309,1.1040357007882071,1.1302693302691387,0.07904397400633376,strong_slow,M_LIST,M_OBSERVE_LIST
P03,F01,build,10,1.035389867445942,1.0164234743912641,1.082305608714533,0.06588213432326895,1,0.045670329127993216,0.04097022255710356,1.0467292779161022,1,0.05,2.2621571627982027,geometric_mean,0.016361997482614108,0.07497866077337233,1.016496588018116,1.0778611499158697,0.23912363366440556,unresolved,M_LIST,R6
P03,F01,online,10,1.232216295048008,1.2273153160401904,1.2462188481961884,0.01890353215599805,0,0.21009797789182566,0.013202585163205148,1.2337989390538922,42,0.0011904761904761906,4.656875012062434,geometric_mean,0.19065541289647905,0.22954054288717227,1.2100424152216656,1.258021870028126,0.05676075454972989,strong_slow,M_LIST,R6
P03,F01,total,10,1.161620563060022,1.1513812045946432,1.1836054518157533,0.03222424722111006,0,0.15474663831790422,0.016905004836638832,1.1673621587940548,42,0.0011904761904761906,4.656875012062434,geometric_mean,0.12985176725893902,0.17964150937686943,1.1386595841828524,1.1967882488445998,0.07904397400633376,strong_slow,M_LIST,R6
P04,F01,build,10,1.034781738210187,1.0079192412978868,1.0841843996282017,0.07626515833031489,2,0.03745374970885964,0.04453907454241821,1.0381639805850917,1,0.05,2.2621571627982027,geometric_mean,0.00559241514939858,0.0693150842683207,1.0056080818943651,1.0717738550330178,0.23912363366440556,unresolved,M_OBSERVE_LIST,R6
P04,F01,online,10,1.0741675732979812,1.0701650149524347,1.080989127664004,0.010824112711569356,0,0.0733294206771683,0.009299512229418303,1.076084963171088,1,0.05,2.2621571627982027,geometric_mean,0.06667695038169527,0.07998189097264133,1.0689500984689158,1.0832674505774365,0.05676075454972989,strong_slow,M_OBSERVE_LIST,R6
P04,F01,total,10,1.0652115184807147,1.053344083947119,1.074323964366329,0.02097988041920984,0,0.0616345869048777,0.017383126925283755,1.063573629979608,1,0.05,2.2621571627982027,geometric_mean,0.04919944701151137,0.07406972679824403,1.0504298349402161,1.0768818904047792,0.07904397400633376,unresolved,M_OBSERVE_LIST,R6
P05,F01,build,10,2.1172186835170295,1.9819021458400283,2.2406145470777825,0.2587124012377542,0,0.7330094419252733,0.12148902421027333,2.081334848420082,1,0.05,2.2621571627982027,geometric_mean,0.646101429456817,0.8199174543937295,1.9080874960759315,2.2703124254819067,0.23912363366440556,strong_slow,Original,R6
P05,F01,online,10,1.2700764850125843,1.2539220813553873,1.281230898746872,0.027308817391484608,0,0.2388270638946301,0.01652453348596333,1.26975893043128,1,0.05,2.2621571627982027,geometric_mean,0.22700612474750273,0.25064800304175744,1.2548375534799152,1.2848577387079245,0.05676075454972989,strong_slow,Original,R6
P05,F01,total,10,1.4577599356999853,1.4277432595164719,1.4661490774606811,0.038405817944209275,0,0.3711959601568241,0.03275183521329184,1.4494670833553824,1,0.05,2.2621571627982027,geometric_mean,0.3477667086537826,0.3946252116598656,1.4159018935480439,1.4838279652738315,0.07904397400633376,strong_slow,Original,R6
P06,F01,build,10,1.0760110212346272,1.0408215780834118,1.1213030625484188,0.08048148446500702,2,0.07237669386237545,0.05411890569730345,1.0750602363915311,1,0.05,2.2621571627982027,geometric_mean,0.03366236092823432,0.11109102679651658,1.0342353495065992,1.1174966243627125,0.23912363366440556,unresolved,M_EVENT_16,R6
P06,F01,online,10,1.0855911181457132,1.0809656288128253,1.108746860764294,0.027781231951468754,0,0.08833074259139923,0.01918757350924361,1.0923493487426912,42,0.0011904761904761906,4.656875012062434,geometric_mean,0.06007448516568352,0.11658700001711493,1.0619156405620869,1.1236552642420727,0.05676075454972989,unresolved,M_EVENT_16,R6
P06,F01,total,10,1.081146299773979,1.0681040060667535,1.102411797532703,0.03430779146594953,0,0.0835514385641181,0.02432949090111065,1.0871411348336242,42,0.0011904761904761906,4.656875012062434,geometric_mean,0.047723022969660224,0.119379854158576,1.0488800993925562,1.1267978558576968,0.07904397400633376,unresolved,M_EVENT_16,R6
P07,F01,build,10,1.0384900408101412,1.0187972105785006,1.0679310545286878,0.04913384395018716,1,0.043415940983430205,0.04774412524050859,1.044372201721989,1,0.05,2.2621571627982027,geometric_mean,0.009261851273104096,0.07757003069375631,1.0093048749412974,1.0806579090317703,0.23912363366440556,unresolved,M_FIXED_2048,R6
P07,F01,online,10,1.1219553207058257,1.1152542109766854,1.1297571299637266,0.014502918987041147,0,0.1270829423524505,0.04500286192046595,1.1355111958455746,42,0.0011904761904761906,4.656875012062434,geometric_mean,0.06081023461762275,0.19335565008727823,1.0626972319050791,1.2133142321065309,0.05676075454972989,strong_slow,M_FIXED_2048,R6
P07,F01,total,10,1.094064507485272,1.0819360944599443,1.1086794659803352,0.026743371520390857,0,0.10008729857866201,0.03366839788513792,1.1052674021373736,42,0.0011904761904761906,4.656875012062434,geometric_mean,0.05050609867886384,0.1496684984784602,1.0518032779458633,1.1614491567408636,0.07904397400633376,unresolved,M_FIXED_2048,R6
P08,F01,build,10,1.0168706868350883,1.002633948121347,1.094844487976966,0.092210539855619,1,0.04917601410603931,0.0661742977063082,1.0504052206055827,1,0.05,2.2621571627982027,geometric_mean,0.0018377732440730751,0.09651425496800556,1.0018394629842826,1.1013252803885336,0.23912363366440556,unresolved,M_NO_IDLE,R6
P08,F01,online,10,1.022587789920813,1.0142177951892157,1.039091859709667,0.024874064520451267,0,0.025390133155085683,0.013778967962346168,1.0257152079859733,1,0.05,2.2621571627982027,geometric_mean,0.015533253266072824,0.03524701304409854,1.0156545213268076,1.035875551973422,0.05676075454972989,unresolved,M_NO_IDLE,R6
P08,F01,total,10,1.028473252091369,1.0133423841255405,1.0491132903200433,0.03577090619450285,0,0.033370870901927856,0.025982817467298962,1.033933924150741,1,0.05,2.2621571627982027,geometric_mean,0.014783882990120348,0.051957858813735366,1.0148937051200173,1.0533313529453139,0.07904397400633376,unresolved,M_NO_IDLE,R6
DIA01,F02,build,10,1.0012839234276594,0.9844632713901464,1.0332120505476974,0.04874877915755094,4,0.01948446950652602,0.05695781945646563,1.0196755306735121,1,0.05,2.2621571627982027,geometric_mean,-0.021260699990686915,0.060229639003738955,0.9789637154676808,1.0620804136316675,0.23912363366440556,unresolved,M_EVENT_16,R6
DIA01,F02,online,10,1.0934316126806976,1.0887931218953617,1.107134107795581,0.018340985900219264,0,0.09344799321250345,0.012239107192884093,1.097953500822055,1,0.05,2.2621571627982027,geometric_mean,0.0846926633591586,0.10220332306584831,1.0883825154648523,1.1076086512217915,0.05676075454972989,strong_slow,M_EVENT_16,R6
DIA01,F02,total,10,1.0722031103509704,1.0565943469094632,1.0785607127865902,0.02196636587712697,0,0.07012677359887079,0.02179162008442429,1.0726441555949686,1,0.05,2.2621571627982027,geometric_mean,0.05453798767918885,0.08571555951855273,1.0560525926388546,1.0894963873503882,0.07904397400633376,unresolved,M_EVENT_16,R6
DIA02,F02,build,10,0.9892533628386531,0.9790191502661366,1.0133200400070708,0.03430088974093415,6,-0.017911960585234622,0.045421285481067435,0.9822475050472416,1,0.05,2.2621571627982027,geometric_mean,-0.05040439083218126,0.014580469661712017,0.9508448338098607,1.014687283208674,0.23912363366440556,unresolved,M_FIXED_128,R6
DIA02,F02,online,10,0.20814798418379082,0.2029191066148177,0.21519012636072649,0.012271019745908773,10,-1.5637123401440267,0.03830137009813944,0.20935742082969874,1,0.05,2.2621571627982027,geometric_mean,-1.591111489751869,-1.5363131905361844,0.2036990764257861,0.2151729424872105,0.05676075454972989,strong_fast,M_FIXED_128,R6
DIA02,F02,total,10,0.2740700040719786,0.26698258890423615,0.28200095590907476,0.015018367004838606,10,-1.2898924195582828,0.04037512010318835,0.2753003984351764,1,0.05,2.2621571627982027,geometric_mean,-1.3187750405534935,-1.2610097985630722,0.26746273238103574,0.28336773764276674,0.07904397400633376,strong_fast,M_FIXED_128,R6
P01,F02,build,10,2.1218880621986385,2.0839451970253218,2.1583288878831715,0.07438369085784968,0,0.7253126929895546,0.07689924726123654,2.0653768278587923,1,0.05,2.2621571627982027,geometric_mean,0.6703022853972833,0.7803231005818259,1.9548281473354365,2.1821772143349776,0.23912363366440556,strong_slow,Original,M_LIST
P01,F02,online,10,1.036577217744144,1.0312899950205325,1.0408021299272368,0.009512134906704217,0,0.03669508766490834,0.015577362376616317,1.0373766636691175,1,0.05,2.2621571627982027,geometric_mean,0.02555171391198826,0.047838461417828416,1.0258809572162286,1.0490011874725202,0.05676075454972989,unresolved,Original,M_LIST
P01,F02,total,10,1.2526229301517442,1.2448715687543954,1.266579554551007,0.021707985796611595,0,0.22696296350523806,0.019942760486955702,1.2547833943010638,1,0.05,2.2621571627982027,geometric_mean,0.21269677206677542,0.2412291549437007,1.237009498534465,1.2728126732082903,0.07904397400633376,strong_slow,Original,M_LIST
P02,F02,build,10,1.007014869072925,0.9977134727789804,1.021244204723155,0.023530731944174543,3,0.007261187905621291,0.02257550514994898,1.0072876142540266,1,0.05,2.2621571627982027,geometric_mean,-0.008888355609170999,0.023410731420413583,0.9911510290488851,1.0236869135909716,0.23912363366440556,unresolved,M_LIST,M_OBSERVE_LIST
P02,F02,online,10,1.1657526962023315,1.1593744860422353,1.1710885442736065,0.011714058231371283,0,0.15296214875976322,0.008425147666797595,1.1652808707817857,1,0.05,2.2621571627982027,geometric_mean,0.14693516119249694,0.1589891363270295,1.1582788591750746,1.1723252108538331,0.05676075454972989,strong_slow,M_LIST,M_OBSERVE_LIST
P02,F02,total,10,1.1110563194195882,1.106696355807062,1.1143752875867035,0.007678931779641518,0,0.10459464658803126,0.004992620844723059,1.1102604712589605,1,0.05,2.2621571627982027,geometric_mean,0.10102314078786553,0.10816615238819699,1.1063022421727169,1.1142328624583249,0.07904397400633376,strong_slow,M_LIST,M_OBSERVE_LIST
P03,F02,build,10,1.0153701512822608,0.9979616835885452,1.0390092286582426,0.04104754506969743,3,0.017499865654960877,0.029120601510896644,1.0176538854340016,1,0.05,2.2621571627982027,geometric_mean,-0.0033317577418787887,0.038331489051800546,0.9966737864039871,1.039075617986753,0.23912363366440556,unresolved,M_LIST,R6
P03,F02,online,10,1.2308916849610814,1.2273092984118934,1.2412756812136498,0.013966382801756438,0,0.20825490412124611,0.010625093467241657,1.231527050863039,42,0.0011904761904761906,4.656875012062434,geometric_mean,0.1926080389228907,0.22390176931960154,1.2124074838304986,1.2509481319066582,0.05676075454972989,strong_slow,M_LIST,R6
P03,F02,total,10,1.155382636770578,1.1433514968391298,1.1681616464177411,0.024810149578611274,0,0.14621821516449013,0.013528000827989889,1.1574487333609251,42,0.0011904761904761906,4.656875012062434,geometric_mean,0.12629643226334172,0.16613999806563853,1.1346184559542325,1.1807383912436988,0.07904397400633376,strong_slow,M_LIST,R6
P04,F02,build,10,1.018558300934763,1.013855037270516,1.0257706220148335,0.011915584744317531,1,0.021551779135706425,0.015601262610402938,1.0217856961478853,1,0.05,2.2621571627982027,geometric_mean,0.010391308185492776,0.032712250085920075,1.0104454853228935,1.0332531779473366,0.23912363366440556,unresolved,M_OBSERVE_LIST,R6
P04,F02,online,10,1.098105852361086,1.0811903128150944,1.1054058606608372,0.02421554784574287,0,0.08779755487845997,0.01493221599479116,1.0917670767356387,1,0.05,2.2621571627982027,geometric_mean,0.0771156910451405,0.09847941871177944,1.08016703481736,1.103491692880096,0.05676075454972989,strong_slow,M_OBSERVE_LIST,R6
P04,F02,total,10,1.0739520959076743,1.0626469227177495,1.0792599322139258,0.01661300949617628,0,0.06746878079368164,0.012206302382786346,1.0697968608676456,1,0.05,2.2621571627982027,geometric_mean,0.058736918087789254,0.07620064349957402,1.0604962066674173,1.079179082703862,0.07904397400633376,unresolved,M_OBSERVE_LIST,R6
P05,F02,build,10,2.1275093361226673,2.08931472876259,2.153298648920486,0.063983920157896,0,0.7557650764526522,0.023593617204847688,2.12923993168121,1,0.05,2.2621571627982027,geometric_mean,0.7388872194483361,0.7726429334569683,2.093604495413181,2.1654819220146297,0.23912363366440556,strong_slow,Original,R6
P05,F02,online,10,1.256727807971723,1.2487488123828774,1.2712315479570448,0.022482735574167467,0,0.2322433328503914,0.012242812618322963,1.2614266380256607,1,0.05,2.2621571627982027,geometric_mean,0.22348535229536928,0.2410013134054135,1.2504273242522135,1.2725227066453433,0.05676075454972989,strong_slow,Original,R6
P05,F02,total,10,1.444843816096792,1.4301307933492655,1.4524116742316155,0.02228088088235003,0,0.3653510042981791,0.009828245769784773,1.4410197235066045,1,0.05,2.2621571627982027,geometric_mean,0.3583203008131866,0.37238170778317164,1.4309238731668095,1.4511868048853074,0.07904397400633376,strong_slow,Original,R6
P06,F02,build,10,1.0302354477069167,1.011572878791101,1.040008094399315,0.02843521560821416,1,0.025035307573097593,0.017794309136290834,1.0253513225520938,1,0.05,2.2621571627982027,geometric_mean,0.012306025645475066,0.03776458950072012,1.0123820563375232,1.0384867334203471,0.23912363366440556,unresolved,M_EVENT_16,R6
P06,F02,online,10,1.0947387576830172,1.0879641220695966,1.1041067255714736,0.016142603501877018,0,0.09224278702421301,0.010796168722720543,1.0966310375489448,42,0.0011904761904761906,4.656875012062434,geometric_mean,0.07634399072807427,0.10814158332035176,1.0793337911226697,1.1142054871318263,0.05676075454972989,strong_slow,M_EVENT_16,R6
P06,F02,total,10,1.0733381702398965,1.0702686303594109,1.0776646945611446,0.007396064201733665,0,0.07136720418012867,0.006429261497710335,1.0739755217713252,42,0.0011904761904761906,4.656875012062434,geometric_mean,0.06189926036487617,0.08083514799538116,1.063855166948256,1.0841921505844325,0.07904397400633376,unresolved,M_EVENT_16,R6
P07,F02,build,10,1.034858167252601,1.014354868566342,1.0772918790649109,0.06293701049856892,1,0.04575580783560752,0.04519821343317603,1.0468187548061305,1,0.05,2.2621571627982027,geometric_mean,0.013422953718649017,0.07808866195256603,1.0135134459998418,1.081218517365411,0.23912363366440556,unresolved,M_FIXED_2048,R6
P07,F02,online,10,1.1195661923643914,1.101868258740103,1.1262377891234774,0.024369530383374416,0,0.10991130316629187,0.014076053489974634,1.1161790645193053,42,0.0011904761904761906,4.656875012062434,geometric_mean,0.0891824397297944,0.13064016660278935,1.0932800958582078,1.139557656625235,0.05676075454972989,strong_slow,M_FIXED_2048,R6
P07,F02,total,10,1.0953326215821533,1.0795835282617519,1.1073086342963785,0.027725106034626634,0,0.08994677815081273,0.019216027053178847,1.094116051276131,42,0.0011904761904761906,4.656875012062434,geometric_mean,0.061648619092161475,0.11824493720946398,1.0635885543486845,1.1255197592767832,0.07904397400633376,unresolved,M_FIXED_2048,R6
P08,F02,build,10,1.0237684826910538,1.003964067678177,1.0327943617439623,0.02883029406578541,2,0.026094573922650625,0.04967381442963007,1.026438018152974,1,0.05,2.2621571627982027,geometric_mean,-0.009439932275490462,0.06162908012079171,0.9906044840130642,1.0635677731253943,0.23912363366440556,unresolved,M_NO_IDLE,R6
P08,F02,online,10,1.0222947134407452,1.0117436647607942,1.0264793544695665,0.01473568970877226,1,0.01832486655693976,0.012824357468227991,1.0184937972237402,1,0.05,2.2621571627982027,geometric_mean,0.009150873877406407,0.027498859236473112,1.0091928711298719,1.027880442538065,0.05676075454972989,unresolved,M_NO_IDLE,R6
P08,F02,total,10,1.0212875553234717,1.0139388490998487,1.0262559438052155,0.012317094705366793,1,0.021049187268615904,0.02040298131545575,1.0212722839962851,1,0.05,2.2621571627982027,geometric_mean,0.006453773682214213,0.0356446008550176,1.0064746441531933,1.0362874853509343,0.07904397400633376,unresolved,M_NO_IDLE,R6
DIA01,F03,build,10,1.0084487202234051,0.9903232580505541,1.0440861317425214,0.053762873691967306,4,0.011009604584386054,0.03834084750539572,1.011070433309382,1,0.05,2.2621571627982027,geometric_mean,-0.016417785459366875,0.03843699462813899,0.9837162518459398,1.0391852520420886,0.23912363366440556,unresolved,M_EVENT_16,R6
DIA01,F03,online,10,1.0474057615067767,1.044056738975907,1.0560362699677048,0.011979530991797827,0,0.04608947246855007,0.010584965489324059,1.0471680994804504,1,0.05,2.2621571627982027,geometric_mean,0.03851744430630096,0.053661500630799185,1.039268857524138,1.055127381745902,0.05676075454972989,unresolved,M_EVENT_16,R6
DIA01,F03,total,10,1.0462563670777885,1.0425965153718477,1.0553671619017562,0.012770646529908447,0,0.04545409893320791,0.010372944545900611,1.046502967908861,1,0.05,2.2621571627982027,geometric_mean,0.03803374141704718,0.05287445644936865,1.038766281733522,1.0542972765869982,0.07904397400633376,unresolved,M_EVENT_16,R6
DIA02,F03,build,10,0.989402765934378,0.9757576166815982,0.9962132610539107,0.02045564437231251,8,-0.013212081375996918,0.017245704623151406,0.9868748150559253,1,0.05,2.2621571627982027,geometric_mean,-0.025548915276498482,-0.000875247475495354,0.9747746964257489,0.9991251354418523,0.23912363366440556,unresolved,M_FIXED_128,R6
DIA02,F03,online,10,0.9593002920201958,0.9548542827065362,0.9619638533847288,0.007109570678192623,10,-0.04256554721035076,0.004933956339461857,0.9583276477582923,1,0.05,2.2621571627982027,geometric_mean,-0.04609508695154254,-0.03903600746915898,0.9549511544793173,0.9617160795608342,0.05676075454972989,unresolved,M_FIXED_128,R6
DIA02,F03,total,10,0.9596308118191449,0.9553270080105937,0.9624078982442861,0.007080890233692405,10,-0.04207143767168751,0.004738928060434647,0.9588012835945704,1,0.05,2.2621571627982027,geometric_mean,-0.045461462586617596,-0.03868141275675742,0.9555564265354194,0.9620571594664696,0.07904397400633376,unresolved,M_FIXED_128,R6
P01,F03,build,10,2.049940977947513,1.9896412432964588,2.0713551303230324,0.08171388702657367,0,0.7109605182376723,0.030208694516505076,2.0359458829218013,1,0.05,2.2621571627982027,geometric_mean,0.6893505199949322,0.7325705164804123,1.9924210752762341,2.0804214980568556,0.23912363366440556,strong_slow,Original,M_LIST
P01,F03,online,10,0.9576526260662394,0.954381802973421,0.9617525167580868,0.0073707137846658055,10,-0.04292007530866151,0.004627141399415442,0.957987953898841,1,0.05,2.2621571627982027,geometric_mean,-0.04623013286363611,-0.03961001775368691,0.9548222009371763,0.9611642030469207,0.05676075454972989,unresolved,Original,M_LIST
P01,F03,total,10,0.9682165571560091,0.9660679217683111,0.9719629536660341,0.005895031897723002,10,-0.031552567982221905,0.004289281437119141,0.9689400198931954,1,0.05,2.2621571627982027,geometric_mean,-0.034620935079916856,-0.028484200884526953,0.9659715127803029,0.9719176494640102,0.07904397400633376,unresolved,Original,M_LIST
P02,F03,build,10,1.004753917987852,0.9936318934204114,1.013133477445698,0.019501584025286567,4,0.004343723797313905,0.015081697319984195,1.0043531714398912,1,0.05,2.2621571627982027,geometric_mean,-0.0064450725342960445,0.015132520128923854,0.9935756523972245,1.0152475964438048,0.23912363366440556,unresolved,M_LIST,M_OBSERVE_LIST
P02,F03,online,10,1.6454718289309969,1.6417068121113765,1.6593451339392502,0.017638321827873726,0,0.49984683925120754,0.013542297049242834,1.6484687706527994,1,0.05,2.2621571627982027,geometric_mean,0.49015926353432554,0.5095344149680896,1.632576209108552,1.664516040755844,0.05676075454972989,strong_slow,M_LIST,M_OBSERVE_LIST
P02,F03,total,10,1.632226253068311,1.6284030742147553,1.6455804482505207,0.01717737403576547,0,0.49147558555329757,0.012947699862719745,1.6347266201264359,1,0.05,2.2621571627982027,geometric_mean,0.48221335904006557,0.5007378120665296,1.6196553165430843,1.6499381660128143,0.07904397400633376,strong_slow,M_LIST,M_OBSERVE_LIST
P03,F03,build,10,1.0101053310664696,0.9957830012841515,1.018772414671005,0.022989413386853563,3,0.0019600658952722222,0.039803708809599644,1.0019619880800936,1,0.05,2.2621571627982027,geometric_mean,-0.02651379208492024,0.03043392387546468,0.9738346125332381,1.0309017698045195,0.23912363366440556,unresolved,M_LIST,R6
P03,F03,online,10,1.2511068521688071,1.2223250216555022,1.2624710277961748,0.04014600614067265,0,0.21506596743123757,0.029631047050845762,1.239943690168308,42,0.0011904761904761906,4.656875012062434,geometric_mean,0.17143030433611817,0.258701630526357,1.1870014109979317,1.2952472849174064,0.05676075454972989,strong_slow,M_LIST,R6
P03,F03,total,10,1.246279663023152,1.2165499726773648,1.2567572646567813,0.040207291979416526,0,0.21096555146979554,0.029326167119295636,1.2348698148785588,42,0.0011904761904761906,4.656875012062434,geometric_mean,0.16777886467830644,0.25415223826128464,1.1826750505010317,1.2893680804817789,0.07904397400633376,strong_slow,M_LIST,R6
P04,F03,build,10,1.0107492057034777,0.9948518641099796,1.021626021651015,0.026774157541035293,4,0.00936036882848546,0.02935460272384953,1.0094043140883815,1,0.05,2.2621571627982027,geometric_mean,-0.011638648952045564,0.030359386609016485,0.9884288181271225,1.0308249320682945,0.23912363366440556,unresolved,M_OBSERVE_LIST,R6
P04,F03,online,10,0.7569024650712429,0.7492534217594223,0.7637335072539377,0.014480085494515404,10,-0.28260373271251427,0.019209229954584277,0.753818442271698,1,0.05,2.2621571627982027,geometric_mean,-0.2963451880189047,-0.26886227740612384,0.7435307258192261,0.764248502686741,0.05676075454972989,strong_fast,M_OBSERVE_LIST,R6
P04,F03,total,10,0.760624931852655,0.7524517130994312,0.7671020369353178,0.014650323835886603,10,-0.27822066393610234,0.01926369049370803,0.7571297318529115,1,0.05,2.2621571627982027,geometric_mean,-0.2920010779652578,-0.26444024990694687,0.7467677309832536,0.7676355137907224,0.07904397400633376,strong_fast,M_OBSERVE_LIST,R6
P05,F03,build,10,2.0533639691742183,1.9697793039075804,2.0792662603576297,0.10948695645004936,0,0.7106656575839025,0.03979532374479495,2.035345651084448,1,0.05,2.2621571627982027,geometric_mean,0.6821977979177252,0.7391335172500799,1.9782206873208614,2.0941202091050894,0.23912363366440556,strong_slow,Original,R6
P05,F03,online,10,1.197955383212744,1.1755945590691779,1.2182025766026194,0.04260801753344157,0,0.175093767098015,0.031783597504567496,1.1913579215501533,1,0.05,2.2621571627982027,geometric_mean,0.15235715112653067,0.19783038306949932,1.1645760918292076,1.2187556546957306,0.05676075454972989,strong_slow,Original,R6
P05,F03,total,10,1.2070833254541284,1.1842362079164133,1.22629293659182,0.042056728675406774,0,0.18225091365279517,0.03174786698769482,1.1999152312248103,1,0.05,2.2621571627982027,geometric_mean,0.15953985775330962,0.20496196955228072,1.1729710132783124,1.227478382523053,0.07904397400633376,strong_slow,Original,R6
P06,F03,build,10,1.0031079305898318,0.9883227481136623,1.0128490358113256,0.024526287697663296,5,0.0011768703915783405,0.03585726539994907,1.0011775631752833,1,0.05,2.2621571627982027,geometric_mean,-0.02447387204149817,0.02682761282465485,0.9758231848530065,1.0271907129943716,0.23912363366440556,unresolved,M_EVENT_16,R6
P06,F03,online,10,1.044081853599583,1.0378293990254128,1.0484502687688058,0.010620869743392936,0,0.039952223536249845,0.011982723765689408,1.0407610491220178,42,0.0011904761904761906,4.656875012062434,geometric_mean,0.02230606691194051,0.05759838016055918,1.022556707354029,1.0592894785976341,0.05676075454972989,unresolved,M_EVENT_16,R6
P06,F03,total,10,1.0433113957878122,1.0370664378650338,1.046993458107531,0.009927020242497253,0,0.039271611337259996,0.011606696995548015,1.0400529354584858,42,0.0011904761904761906,4.656875012062434,geometric_mean,0.02217920421186239,0.0563640184626576,1.022426991277391,1.0579827388988974,0.07904397400633376,unresolved,M_EVENT_16,R6
P07,F03,build,10,1.006508510288196,0.9955048568101954,1.016526811449725,0.021021954639529605,4,0.006858007532816497,0.02506909319045949,1.006881577516712,1,0.05,2.2621571627982027,geometric_mean,-0.011075341407400843,0.024791356473033835,0.9889857643890061,1.02510121747695,0.23912363366440556,unresolved,M_FIXED_2048,R6
P07,F03,online,10,0.7626792580329491,0.75929792991419,0.7660528810022991,0.006754951088109085,10,-0.2752759812740887,0.01653049502481787,0.7593625244666351,42,0.0011904761904761906,4.656875012062434,geometric_mean,-0.29961933675730007,-0.25093262579087733,0.7411002766286136,0.7780747919667927,0.05676075454972989,strong_fast,M_FIXED_2048,R6
P07,F03,total,10,0.7658271228755549,0.7627867168933912,0.7694322680364355,0.006645551143044326,10,-0.27100012688861563,0.01631935946844981,0.76261639963772,42,0.0011904761904761906,4.656875012062434,geometric_mean,-0.29503255714568605,-0.24696769663154522,0.7445073480371338,0.7811659274145821,0.07904397400633376,strong_fast,M_FIXED_2048,R6
P08,F03,build,10,1.0082882466563272,0.9904656774283865,1.01864965680983,0.028183979381443458,4,0.016707551848928946,0.048105905058513095,1.0168479035482616,1,0.05,2.2621571627982027,geometric_mean,-0.017705339552647494,0.05112044325050538,0.9824504790096132,1.0524496461061599,0.23912363366440556,unresolved,M_NO_IDLE,R6
P08,F03,online,10,0.7739990914973747,0.7602694660721072,0.7903044356127963,0.03003496954068907,10,-0.2562065258480885,0.026852176193760586,0.7739821049741762,1,0.05,2.2621571627982027,geometric_mean,-0.2754154155286362,-0.23699763616754083,0.7592566507004912,0.7889931530630306,0.05676075454972989,strong_fast,M_NO_IDLE,R6
P08,F03,total,10,0.7770933834752621,0.7632387730929193,0.7931946023949527,0.029955829302033332,10,-0.2519736481177093,0.02629015504668283,0.777265220200665,1,0.05,2.2621571627982027,geometric_mean,-0.27078049208939337,-0.23316680414602522,0.7627839151329807,0.79202145004364,0.07904397400633376,strong_fast,M_NO_IDLE,R6
DIA01,F04,build,10,1.0164374890302998,0.9760285496506385,1.0459476661844564,0.069919116533818,4,0.009938668059843968,0.04991266608407365,1.0099882206474329,1,0.05,2.2621571627982027,geometric_mean,-0.025766702318805852,0.04564403843849379,0.9745624262433848,1.0467017590434131,0.23912363366440556,unresolved,M_EVENT_16,R6
DIA01,F04,online,10,1.1786889012799024,1.1581296232984344,1.2001313765196933,0.042001753221258875,0,0.16351371813514357,0.023468385799999106,1.1776415101220006,1,0.05,2.2621571627982027,geometric_mean,0.14672544628113035,0.18030198998915678,1.1580359762957557,1.1975789653777003,0.05676075454972989,strong_slow,M_EVENT_16,R6
DIA01,F04,total,10,1.173877487217989,1.153551327351789,1.1952240161030525,0.04167268875126351,0,0.15879385748313835,0.023043966266278186,1.1720963028931615,1,0.05,2.2621571627982027,geometric_mean,0.14230919707360123,0.17527851789267546,1.1529330769643074,1.1915780462063612,0.07904397400633376,strong_slow,M_EVENT_16,R6
DIA02,F04,build,10,1.0128993104088915,1.0052991856625784,1.0236388465908894,0.018339660928311075,2,0.013478201808972221,0.02147910547129877,1.0135694422290782,1,0.05,2.2621571627982027,geometric_mean,-0.001887024623993627,0.02884342824193807,0.9981147546875946,1.0292634282739486,0.23912363366440556,unresolved,M_FIXED_128,R6
DIA02,F04,online,10,0.8471908152685391,0.7948708843197076,0.8791509793470278,0.08428009502732015,10,-0.17720719686855854,0.05926814057910386,0.8376062171570273,1,0.05,2.2621571627982027,geometric_mean,-0.21960507053586065,-0.13480932320125644,0.8028357988736994,0.873882524925221,0.05676075454972989,strong_fast,M_FIXED_128,R6
DIA02,F04,total,10,0.8509387719824957,0.7998544465132976,0.8821673385137352,0.08231289200043757,10,-0.17220842538679834,0.057679885370847006,0.841803701620654,1,0.05,2.2621571627982027,geometric_mean,-0.21347012972243,-0.13094672105116667,0.8077762882921496,0.8772645128770387,0.07904397400633376,strong_fast,M_FIXED_128,R6
P01,F04,build,10,2.057542384033105,2.0222744286690233,2.1176002893503405,0.09532586068131721,0,0.7286496584669984,0.03457287432809206,2.072280431168064,1,0.05,2.2621571627982027,geometric_mean,0.7039177140571419,0.7533816028768549,2.0216574889864414,2.124170987814097,0.23912363366440556,strong_slow,Original,M_LIST
P01,F04,online,10,1.0114198969898072,1.005694797133586,1.0157421517958443,0.010047354662258368,1,0.007773594002464181,0.01403784003581753,1.007803886828156,1,0.05,2.2621571627982027,geometric_mean,-0.0022684718120693616,0.017815659816997724,0.9977340992256354,1.0179753053385894,0.05676075454972989,unresolved,Original,M_LIST
P01,F04,total,10,1.025541014925262,1.019874890012232,1.0295175085375288,0.009642618525296687,1,0.02136223487674015,0.01343557077610807,1.0215920408889876,1,0.05,2.2621571627982027,geometric_mean,0.01175100653639361,0.03097346321708669,1.011820320851949,1.031458131942811,0.07904397400633376,unresolved,Original,M_LIST
P02,F04,build,10,1.0108034546029057,0.9977439162339057,1.049925923861904,0.052182007627998406,3,0.014481245401054357,0.04765128048659432,1.0145866066080622,1,0.05,2.2621571627982027,geometric_mean,-0.019606427173376028,0.04856891797548474,0.9805845287953986,1.0497677171931463,0.23912363366440556,unresolved,M_LIST,M_OBSERVE_LIST
P02,F04,online,10,1.0310111323953242,1.0263548150458903,1.0356012462532276,0.009246431207337258,0,0.030989828191075867,0.009021313556968487,1.0314750118664306,1,0.05,2.2621571627982027,geometric_mean,0.024536369237171687,0.03744328714498005,1.0248398630734612,1.0381531187849484,0.05676075454972989,unresolved,M_LIST,M_OBSERVE_LIST
P02,F04,total,10,1.0303303520329663,1.0272216608003673,1.0347334481240882,0.007511787323720931,0,0.030583284078223354,0.007772714548447903,1.031055757001375,1,0.05,2.2621571627982027,geometric_mean,0.025023019047852493,0.036143549108594214,1.0253387225738995,1.0368046681949623,0.07904397400633376,unresolved,M_LIST,M_OBSERVE_LIST
P03,F04,build,10,1.0028137386829663,0.9900691848449779,1.0090444012567212,0.01897521641174338,5,-0.007215640767360481,0.0300795531097683,0.992810329466979,1,0.05,2.2621571627982027,geometric_mean,-0.0287332568129446,0.014301975278223635,0.9716756177524448,1.014404737844778,0.23912363366440556,unresolved,M_LIST,R6
P03,F04,online,10,0.915182571903052,0.8926027188856585,0.9416059739729381,0.04900325508727965,9,-0.08774149628299613,0.07928030980368017,0.915997634913963,42,0.0011904761904761906,4.656875012062434,geometric_mean,-0.20449231115409386,0.0290093185881016,0.8150610087719168,1.0294341873036041,0.05676075454972989,unresolved,M_LIST,R6
P03,F04,total,10,0.9174722430461555,0.8946766301385873,0.9433212682998677,0.048644638161280396,9,-0.08549896240017744,0.07734201652314612,0.9180540956264314,42,0.0011904761904761906,4.656875012062434,geometric_mean,-0.19939538227052533,0.028397457470170445,0.8192259218857945,1.0288045092083402,0.07904397400633376,unresolved,M_LIST,R6
P04,F04,build,10,1.0000268242362624,0.9829821657095354,1.0126366101015167,0.029654444391981283,5,-0.0026791301516691617,0.02363424204675253,0.9973244555146452,1,0.05,2.2621571627982027,geometric_mean,-0.01958604841719582,0.014227788113857498,0.9806045120920417,1.0143294848251962,0.23912363366440556,unresolved,M_OBSERVE_LIST,R6
P04,F04,online,10,0.9045355265106576,0.8727899202669092,0.9184041636175753,0.045614243350666106,9,-0.10929442813006514,0.0801421735650259,0.8964664337022736,1,0.05,2.2621571627982027,geometric_mean,-0.166624685449306,-0.05196417081082427,0.8465172619698382,0.9493628811357983,0.05676075454972989,unresolved,M_OBSERVE_LIST,R6
P04,F04,total,10,0.9059803100676728,0.8761797907982553,0.9209223054126046,0.044742514614349305,9,-0.10641882472955348,0.0779419841445863,0.8990480256658349,1,0.05,2.2621571627982027,geometric_mean,-0.16217516135243928,-0.05066248810666768,0.8502922531543196,0.9505994550169559,0.07904397400633376,unresolved,M_OBSERVE_LIST,R6
P05,F04,build,10,2.024216462450674,1.9685143112920673,2.059750018870984,0.09123570757891675,0,0.6987338688984888,0.03294889705787464,2.011204645967152,1,0.05,2.2621571627982027,geometric_mean,0.6751636478440216,0.7223040899529559,1.964354412032394,2.0591722670731336,0.23912363366440556,strong_slow,Original,R6
P05,F04,online,10,0.9365973339706897,0.9136349440207945,0.9522161201682432,0.038581176147448715,9,-0.07000948746286326,0.0739294243908996,0.9323849738961711,1,0.05,2.2621571627982027,geometric_mean,-0.12289541175532934,-0.017123563170397184,0.8843561509816307,0.9830222117892197,0.05676075454972989,unresolved,Original,R6
P05,F04,total,10,0.9496281092379188,0.9289771891761875,0.9662383298030791,0.037261140626891565,8,-0.05476425722263175,0.07254603567224967,0.9467083012933608,1,0.05,2.2621571627982027,geometric_mean,-0.10666056484156969,-0.002867949603693812,0.8988307159626967,0.9971361590350427,0.07904397400633376,unresolved,Original,R6
P06,F04,build,10,0.9992286838040378,0.9741616507483212,1.0164430666411035,0.04228141589278234,5,-0.008962646976078953,0.034374870038407335,0.9910773978192411,1,0.05,2.2621571627982027,geometric_mean,-0.033552947649897705,0.015627653697739795,0.967003709302054,1.0157504040776608,0.23912363366440556,unresolved,M_EVENT_16,R6
P06,F04,online,10,1.1715417437990032,1.1536287181998885,1.1925728437366008,0.038944125536712226,0,0.1599690871607999,0.021917386820377572,1.1734745949996555,42,0.0011904761904761906,4.656875012062434,geometric_mean,0.1276928160733053,0.19224535824829453,1.1362039255009921,1.2119678467951247,0.05676075454972989,strong_slow,M_EVENT_16,R6
P06,F04,total,10,1.165316203711531,1.147575833999075,1.1861066058355187,0.03853077183644382,0,0.1547709094795083,0.020823388075977493,1.1673904923735046,42,0.0011904761904761906,4.656875012062434,geometric_mean,0.12410569724373802,0.1854361217152786,1.1321355282802184,1.2037433042616628,0.07904397400633376,strong_slow,M_EVENT_16,R6
P07,F04,build,10,0.999669153843683,0.9849775458471495,1.0099201846584227,0.024942638811273232,5,0.0035626669409921903,0.03509961677970275,1.0035690207821577,1,0.05,2.2621571627982027,geometric_mean,-0.021546086319291963,0.028671420201276342,0.9786843724693182,1.0290864019137416,0.23912363366440556,unresolved,M_FIXED_2048,R6
P07,F04,online,10,0.9020438400362832,0.8741865375738588,0.9359117028338959,0.06172516526003713,9,-0.1056492898320462,0.07874317739385978,0.8997401407653258,42,0.0011904761904761906,4.656875012062434,geometric_mean,-0.22160910569348446,0.010310526029392059,0.8012284987878286,1.0103638626548388,0.05676075454972989,unresolved,M_FIXED_2048,R6
P07,F04,total,10,0.9043674101753818,0.8773856892088323,0.9387268647678912,0.061341175559058936,9,-0.10273223921318134,0.07662180994761637,0.9023685600520079,42,0.0011904761904761906,4.656875012062434,geometric_mean,-0.215568058982737,0.01010358055637435,0.8060834071744822,1.0101547940610074,0.07904397400633376,unresolved,M_FIXED_2048,R6
P08,F04,build,10,0.9823318778365014,0.976200972056642,1.0081852516673226,0.03198427961068062,7,-0.007979559777767955,0.024689055223373543,0.9920521923970994,1,0.05,2.2621571627982027,geometric_mean,-0.025641045933699314,0.009681926378163404,0.9746848939291894,1.0097289478576765,0.23912363366440556,unresolved,M_NO_IDLE,R6
P08,F04,online,10,0.986361173186282,0.9029091213195246,1.0098652254222527,0.10695610410272804,5,-0.04277262020065713,0.06253827328726264,0.9581292245313322,1,0.05,2.2621571627982027,geometric_mean,-0.08750980588418114,0.0019645654828668938,0.9162098873587872,1.0019664965059685,0.05676075454972989,unresolved,M_NO_IDLE,R6
P08,F04,total,10,0.9867573830207426,0.9059128139877145,1.0089274144029154,0.10301460041520094,5,-0.04183752356087051,0.06063466628359846,0.959025586977113,1,0.05,2.2621571627982027,geometric_mean,-0.08521295082806923,0.0015379037063282183,0.918316707274797,1.0015390868866947,0.07904397400633376,unresolved,M_NO_IDLE,R6
DIA01,F05,build,10,0.9918482626497653,0.9772887403004769,1.026077036644024,0.04878829634354709,5,-0.012823526613528096,0.09616899682543464,0.9872583444715411,1,0.05,2.2621571627982027,geometric_mean,-0.08161868263287363,0.05597162940581744,0.9216233226803833,1.0575676794875388,0.23912363366440556,unresolved,M_EVENT_16,R6
DIA01,F05,online,10,0.20319104813079608,0.19540652026813515,0.20472558122789097,0.00931906095975582,10,-1.6020350523065612,0.03729023517568904,0.201486065807514,1,0.05,2.2621571627982027,geometric_mean,-1.6287108795647605,-1.575359225048362,0.19618231381573206,0.20693320373783036,0.05676075454972989,strong_fast,M_EVENT_16,R6
DIA01,F05,total,10,0.39864356463270756,0.3921850918561992,0.4054521284368493,0.013267036580650093,10,-0.921460910900356,0.049604588627969716,0.3979372653381309,1,0.05,2.2621571627982027,geometric_mean,-0.956945895943208,-0.885975925857504,0.38406406823737954,0.4123115913226114,0.07904397400633376,strong_fast,M_EVENT_16,R6
DIA02,F05,build,10,1.005265798383645,0.978460157710206,1.0447027756023306,0.0662426178921246,4,0.014147238394240352,0.05036974498779307,1.0142477841601212,1,0.05,2.2621571627982027,geometric_mean,-0.02188510653475866,0.050179583323239366,0.9783526349185351,1.0514599040859873,0.23912363366440556,unresolved,M_FIXED_128,R6
DIA02,F05,online,10,0.19926393075046925,0.19108126281774834,0.20795505505696868,0.016873792239220337,10,-1.6141896338858903,0.05177601455246458,0.19905191002328063,1,0.05,2.2621571627982027,geometric_mean,-1.6512279634596334,-1.5771513043121472,0.1918142230867695,0.20656269512398392,0.05676075454972989,strong_fast,M_FIXED_128,R6
DIA02,F05,total,10,0.4000554470787896,0.38430246959646536,0.41415670195983545,0.029854232363370092,10,-0.9183210340306276,0.0549946634534858,0.39918870300511916,1,0.05,2.2621571627982027,geometric_mean,-0.9576618463236112,-0.878980221737644,0.38378919583086907,0.4152061140281121,0.07904397400633376,strong_fast,M_FIXED_128,R6
P01,F05,build,10,2.5261711951096784,2.35946215848613,2.627403807502488,0.267941649016358,0,0.9032233501336988,0.09044224535501798,2.4675440645351783,1,0.05,2.2621571627982027,geometric_mean,0.8385248653274935,0.9679218349399041,2.3129525425337225,2.6324680677420407,0.23912363366440556,strong_slow,Original,M_LIST
P01,F05,online,10,0.9399050102145774,0.9342911118291806,0.9956161192733008,0.06132500744412028,7,-0.04603462365645033,0.08276907681248348,0.9550088957183644,1,0.05,2.2621571627982027,geometric_mean,-0.10524405435507674,0.013174807042176079,0.9001048212761673,1.013261977208519,0.05676075454972989,unresolved,Original,M_LIST
P01,F05,total,10,1.664199229962386,1.5851173852075073,1.7605017953003808,0.17538441009287342,0,0.5090996252387195,0.0833689308312676,1.6637924835859632,1,0.05,2.2621571627982027,geometric_mean,0.44946108482518166,0.5687381656522574,1.5674672259557634,1.766037198480647,0.07904397400633376,strong_slow,Original,M_LIST
P02,F05,build,10,1.0412121778021726,1.0250759011639756,1.1129327084447636,0.08785680728078793,1,0.053738814162002504,0.05867729443220502,1.055208960523185,1,0.05,2.2621571627982027,geometric_mean,0.01176360636625065,0.09571402195775436,1.0118330696961542,1.100444316079515,0.23912363366440556,unresolved,M_LIST,M_OBSERVE_LIST
P02,F05,online,10,1.4228252768346947,1.3708699337894175,1.465181885326031,0.09431195153661354,0,0.3407225045165734,0.07569885181585424,1.4059630383319512,1,0.05,2.2621571627982027,geometric_mean,0.2865708080960521,0.39487420093709463,1.331852470493134,1.484197468525702,0.05676075454972989,strong_slow,M_LIST,M_OBSERVE_LIST
P02,F05,total,10,1.1772362161424117,1.1436855239965547,1.2099648044377713,0.06627928044121667,0,0.15321853708047445,0.054122985751981344,1.1655796734905277,1,0.05,2.2621571627982027,geometric_mean,0.11450128545104274,0.19193578870990616,1.1213140824573928,1.2115927165356972,0.07904397400633376,unresolved,M_LIST,M_OBSERVE_LIST
P03,F05,build,10,0.9831282865977563,0.8631399311147104,1.0381974196787385,0.17505748856402803,6,-0.05951328855262724,0.1324127937966323,0.942223012727947,1,0.05,2.2621571627982027,geometric_mean,-0.15423569503391762,0.03520911792866315,0.8570699900631694,1.0358362980935731,0.23912363366440556,unresolved,M_LIST,R6
P03,F05,online,10,1.4752713035143357,1.4166863297622996,1.556763528668941,0.1400771989066414,0,0.4181407759697329,0.12204169784441547,1.5191345169847217,42,0.0011904761904761906,4.656875012062434,geometric_mean,0.23841812217497707,0.5978634297644888,1.2692397791892605,1.8182298715602139,0.05676075454972989,strong_slow,M_LIST,R6
P03,F05,total,10,1.1238799160477928,1.0712281891437532,1.182657489767063,0.1114293006233098,2,0.10497158350786895,0.11691344804201506,1.1106790483048297,42,0.0011904761904761906,4.656875012062434,geometric_mean,-0.06719903946390693,0.2771422064796448,0.9350090791087029,1.3193539783798234,0.07904397400633376,unresolved,M_LIST,R6
P04,F05,build,10,1.028290656153788,0.9780281411063755,1.0543153754800865,0.07628723437371099,4,-0.003117970411198119,0.12085654680372822,0.996886885410464,1,0.05,2.2621571627982027,geometric_mean,-0.08957353579901187,0.08333759497661564,0.9143210273248445,1.0869086815284401,0.23912363366440556,unresolved,M_OBSERVE_LIST,R6
P04,F05,online,10,1.0505206811333039,1.0134693342718597,1.0880597421143985,0.07459040784253879,1,0.06669003254845193,0.0913304832178894,1.0689640827438305,1,0.05,2.2621571627982027,geometric_mean,0.0013561406528969228,0.13202392444400696,1.0013570606274567,1.141135619975901,0.05676075454972989,unresolved,M_OBSERVE_LIST,R6
P04,F05,total,10,1.0187074585319669,1.010555900380531,1.0452806071085492,0.034724706728018306,2,0.023490840770504545,0.05676813245359096,1.0237689237691632,1,0.05,2.2621571627982027,geometric_mean,-0.01711863481922912,0.0641003163602382,0.9830270564798236,1.0661993506350482,0.07904397400633376,unresolved,M_OBSERVE_LIST,R6
P05,F05,build,10,2.4122011113983657,2.308694319001816,2.5977318566133554,0.2890375376115393,0,0.8951198706886725,0.08064866231065915,2.4476291708723714,1,0.05,2.2621571627982027,geometric_mean,0.8374272931474465,0.9528124482298985,2.3104153028258376,2.592992069771178,0.23912363366440556,strong_slow,Original,R6
P05,F05,online,10,1.442321962655667,1.4125818962612167,1.5110947159945463,0.09851281973332959,0,0.40654561021862134,0.1285113437285403,1.5016216290947462,1,0.05,2.2621571627982027,geometric_mean,0.31461413298684027,0.4984770874504024,1.3697306750875544,1.6462123233248216,0.05676075454972989,strong_slow,Original,R6
P05,F05,total,10,1.9183412464979743,1.861580035368053,2.031619458674339,0.17003942330628607,0,0.6737986084536257,0.07129306063416192,1.9616748201735714,1,0.05,2.2621571627982027,geometric_mean,0.6227986251811927,0.7247985917260588,1.8641377713139682,2.064315287914889,0.07904397400633376,strong_slow,Original,R6
P06,F05,build,10,0.9813420615228512,0.9182205446849749,1.024926270521362,0.10670572583638704,6,-0.03269007658391053,0.09725000915913058,0.9678384689166792,1,0.05,2.2621571627982027,geometric_mean,-0.10225854224160491,0.03687838907378385,0.9027961105628466,1.0375668337017876,0.23912363366440556,unresolved,M_EVENT_16,R6
P06,F05,online,10,0.1991758853399429,0.19606561941665557,0.20643029757449444,0.01036467815783887,10,-1.5871979415912414,0.10402733768023789,0.20449782452176551,42,0.0011904761904761906,4.656875012062434,geometric_mean,-1.7403920508614203,-1.4340038323210624,0.17545160118005862,0.23835268503031412,0.05676075454972989,strong_fast,M_EVENT_16,R6
P06,F05,total,10,0.404634694995854,0.38592085852916264,0.4112754110702281,0.025354552541065445,10,-0.9204043748560166,0.06488490520467241,0.3983579225829867,42,0.0011904761904761906,4.656875012062434,geometric_mean,-1.015956039250847,-0.8248527104611861,0.36205612445211355,0.43829954464869547,0.07904397400633376,strong_fast,M_EVENT_16,R6
P07,F05,build,10,0.9927256596126155,0.96967989704122,1.0451848195114442,0.07550492247022411,7,0.0056554331105241095,0.04500034749031978,1.0056714552621868,1,0.05,2.2621571627982027,geometric_mean,-0.026535876237755784,0.037846742458804004,0.973813106458291,1.0385720516819543,0.23912363366440556,unresolved,M_FIXED_2048,R6
P07,F05,online,10,0.20284785400370103,0.20012223426949072,0.20720118659394987,0.0070789523244591535,10,-1.5938806064925153,0.036694420304692,0.2031357901658476,42,0.0011904761904761906,4.656875012062434,geometric_mean,-1.647918027415869,-1.5398431855691617,0.19245016778501006,0.21441472211341622,0.05676075454972989,strong_fast,M_FIXED_2048,R6
P07,F05,total,10,0.4028236420741338,0.39032212267968003,0.41627111900863045,0.025948996328950424,10,-0.9085678285609005,0.03547480774091601,0.40310112073972876,42,0.0011904761904761906,4.656875012062434,geometric_mean,-0.9608092075540388,-0.8563264495677622,0.3825831714879451,0.4247194483480969,0.07904397400633376,strong_fast,M_FIXED_2048,R6
P08,F05,build,10,1.0102829434722276,0.9816643321884413,1.0569353990304804,0.0752710668420391,3,0.018193002644147513,0.05747452201907324,1.018359503500926,1,0.05,2.2621571627982027,geometric_mean,-0.022921793599559523,0.05930779888785455,0.9773389149430829,1.061101796433684,0.23912363366440556,unresolved,M_NO_IDLE,R6
P08,F05,online,10,1.0127948179362947,1.0085709883277114,1.0360198168170696,0.027448828489358146,2,0.020451311777447207,0.028868755400160973,1.0206618728209975,1,0.05,2.2621571627982027,geometric_mean,-0.00020015176483584307,0.04110277531973026,0.9997998682641923,1.0419591877313472,0.05676075454972989,unresolved,M_NO_IDLE,R6
P08,F05,total,10,1.0090382138650946,0.9917804123241872,1.0565432139820226,0.06476280165783532,3,0.018777089791999636,0.04149897601113317,1.0189544879432817,1,0.05,2.2621571627982027,geometric_mean,-0.010909489288275395,0.04846366887227467,0.9891498033765458,1.0496572358964635,0.07904397400633376,unresolved,M_NO_IDLE,R6
DIA01,F06,build,10,0.9926041375867283,0.9723147849030096,1.0224014631677059,0.05008667826469626,5,-0.006277120725440422,0.04152810281822947,0.9937425392393606,1,0.05,2.2621571627982027,geometric_mean,-0.03598453586832066,0.023430294417439823,0.964655210922987,1.0237069401709074,0.23912363366440556,unresolved,M_EVENT_16,R6
DIA01,F06,online,10,1.0048730368558543,0.9977781167108937,1.016593240056573,0.018815123345679252,3,-0.01086035423700896,0.06937702170984464,0.9891984064968935,1,0.05,2.2621571627982027,geometric_mean,-0.060489685832823006,0.03876897735880508,0.9413034777297705,1.0395303008716865,0.05676075454972989,unresolved,M_EVENT_16,R6
DIA01,F06,total,10,1.0036169346088075,0.9985811888934094,1.0168812518529746,0.01830006295956521,4,-0.010682043332843333,0.06377507464271512,0.989374807085762,1,0.05,2.2621571627982027,geometric_mean,-0.056303983407304165,0.0349398967416175,0.9452517513644055,1.035557466551179,0.07904397400633376,unresolved,M_EVENT_16,R6
DIA02,F06,build,10,0.9991333430065941,0.9669384520595057,1.027419643581593,0.06048119152208731,5,-0.0009181086083755255,0.07263209514496118,0.99908231272438,1,0.05,2.2621571627982027,geometric_mean,-0.05287597946544183,0.05103976224869078,0.9484976383722726,1.0523647368396811,0.23912363366440556,unresolved,M_FIXED_128,R6
DIA02,F06,online,10,1.016909419916445,0.9990939981750896,1.0257581652334926,0.02666416705840302,3,0.03427168671812816,0.08101508243872618,1.0348657278112487,1,0.05,2.2621571627982027,geometric_mean,-0.023683011992197273,0.09222638542845359,0.9765952296745509,1.0966130511974725,0.05676075454972989,unresolved,M_FIXED_128,R6
DIA02,F06,total,10,1.0126811039880814,0.998678884437979,1.0213822046730878,0.022703320235108793,3,0.03147658777112185,0.07787804445574187,1.0319772144260724,1,0.05,2.2621571627982027,geometric_mean,-0.02423400915378348,0.08718718469602718,0.9760572766938744,1.0911008979943395,0.07904397400633376,unresolved,M_FIXED_128,R6
P01,F06,build,10,2.5188325732276997,2.3669026391781016,2.706158823096647,0.3392561839185455,0,0.9284195877729463,0.07955905356471338,2.530506771882517,1,0.05,2.2621571627982027,geometric_mean,0.8715064693729386,0.985332706172954,2.390509371469027,2.6787029571894916,0.23912363366440556,strong_slow,Original,M_LIST
P01,F06,online,10,0.9900549406255015,0.98693553016932,0.9926244360548604,0.005688905885540385,10,-0.009679651050622866,0.0041951505792901635,0.9903670459798303,1,0.05,2.2621571627982027,geometric_mean,-0.012680680989104916,-0.006678621112140817,0.9873993800791441,0.9933436313117777,0.05676075454972989,unresolved,Original,M_LIST
P01,F06,total,10,0.9954031883774386,0.9925729678680918,0.9981621756897463,0.005589207821654507,8,-0.003959617806226319,0.004024458955240839,0.9960482111437341,1,0.05,2.2621571627982027,geometric_mean,-0.006838542312653337,-0.001080693299799301,0.9931847873073374,0.9989198904389051,0.07904397400633376,unresolved,Original,M_LIST
P02,F06,build,10,1.007072941370664,0.9831414721377796,1.0414240022108991,0.058282530073119565,4,0.017805267277630696,0.05555673490913317,1.017964726045127,1,0.05,2.2621571627982027,geometric_mean,-0.021937626712799183,0.057548161268060574,0.978301253013268,1.059236283588892,0.23912363366440556,unresolved,M_LIST,M_OBSERVE_LIST
P02,F06,online,10,0.9962191671005727,0.9871454860496901,1.0014082056422013,0.014262719592511242,7,-0.038779832864330656,0.10399619477688414,0.9619624783566822,1,0.05,2.2621571627982027,geometric_mean,-0.11317422899264501,0.035614563263983705,0.8929950609315614,1.0362563582387498,0.05676075454972989,unresolved,M_LIST,M_OBSERVE_LIST
P02,F06,total,10,0.9971195033851281,0.9877746833353719,1.001399487431693,0.013624804096321053,7,-0.03834507204499733,0.10348812865015568,0.9623807928787336,1,0.05,2.2621571627982027,geometric_mean,-0.11237601956086672,0.035685875470872055,0.8937081425681115,1.0363302586015255,0.07904397400633376,unresolved,M_LIST,M_OBSERVE_LIST
P03,F06,build,10,0.9584623004201642,0.9223592356052235,1.0461700173274429,0.12381078172221938,6,-0.009139909543299397,0.10959511662818505,0.9909017324652952,1,0.05,2.2621571627982027,geometric_mean,-0.08753953308393192,0.06925971399733313,0.9161826514092782,1.071714512267155,0.23912363366440556,unresolved,M_LIST,R6
P03,F06,online,10,0.10712978089102912,0.10533698973619587,0.1087471383779783,0.0034101486417824206,10,-2.229369488347108,0.025445491495610047,0.10759624944219749,42,0.0011904761904761906,4.656875012062434,geometric_mean,-2.2668413634478046,-2.191897613246411,0.10363902162647946,0.11170457528778627,0.05676075454972989,strong_fast,M_LIST,R6
P03,F06,total,10,0.11464584840694861,0.11360904937886254,0.11802360043118382,0.004414551052321275,10,-2.1553810672555676,0.02840366837665634,0.1158590321163333,42,0.0011904761904761906,4.656875012062434,geometric_mean,-2.197209251788584,-2.113552882722551,0.11111281396278579,0.1208079864436637,0.07904397400633376,strong_fast,M_LIST,R6
P04,F06,build,10,1.055757607657382,1.0335727401397814,1.0815845322068385,0.04801179206705708,2,0.03963796680192301,0.05720736310899394,1.0404340343394962,1,0.05,2.2621571627982027,geometric_mean,-0.0012857154704671997,0.08056164907431322,0.9987151107075537,1.0838956657470071,0.23912363366440556,unresolved,M_OBSERVE_LIST,R6
P04,F06,online,10,0.10699035439138255,0.1055555491369241,0.10842460964584869,0.0028690605089245896,10,-2.209366389044672,0.08228694579448434,0.10977017807323601,1,0.05,2.2621571627982027,geometric_mean,-2.2682309239899903,-2.150501854099354,0.10349510894224684,0.11642571438766151,0.05676075454972989,strong_fast,M_OBSERVE_LIST,R6
P04,F06,total,10,0.11502772091809026,0.11387272207353247,0.11741815335388148,0.0035454312803490096,10,-2.136104291212171,0.07687488515439497,0.11811408598528408,1,0.05,2.2621571627982027,geometric_mean,-2.191097271203069,-2.0811113112212727,0.11179401294140588,0.12479145296851565,0.07904397400633376,strong_fast,M_OBSERVE_LIST,R6
P05,F06,build,10,2.519754608881782,2.3475524092659406,2.6334973663897934,0.2859449571238528,0,0.9104983892142938,0.07750143469375319,2.485561001534231,1,0.05,2.2621571627982027,geometric_mean,0.8550572026834831,0.9659395757451046,2.351508889346439,2.627255002240252,0.23912363366440556,strong_slow,Original,R6
P05,F06,online,10,0.10504583385122981,0.10373788257463028,0.1056336933347299,0.00189581076009962,10,-2.250912216013965,0.021666747099192696,0.1053031215413809,1,0.05,2.2621571627982027,geometric_mean,-2.266411673181292,-2.2354127588466377,0.10368356387430307,0.10694797701786052,0.05676075454972989,strong_fast,Original,R6
P05,F06,total,10,0.11395738027857441,0.1127724517706229,0.11514610104355319,0.002373649272930295,10,-2.1677112551639537,0.025159876528053626,0.1144392396215413,1,0.05,2.2621571627982027,geometric_mean,-2.1857095465916663,-2.149712963736241,0.11239795376885686,0.11651759774994472,0.07904397400633376,strong_fast,Original,R6
P06,F06,build,10,0.9926501604014732,0.9403837843716427,1.1101964572948673,0.16981267292322455,5,0.009345501053924196,0.12025448115050566,1.0093893066041626,1,0.05,2.2621571627982027,geometric_mean,-0.07667937251100906,0.09537037461885745,0.9261867669420845,1.1000662162889046,0.23912363366440556,unresolved,M_EVENT_16,R6
P06,F06,online,10,1.0147314122763094,1.0028511920442846,1.037524047484677,0.034672855440392336,2,0.04764610737632644,0.08253764435085016,1.0487994272598877,42,0.0011904761904761906,4.656875012062434,geometric_mean,-0.0739015664327799,0.1691937811854328,0.9287631108080636,1.1843496213621563,0.05676075454972989,unresolved,M_EVENT_16,R6
P06,F06,total,10,1.0121165885572907,0.9996823756348263,1.0386992782776068,0.03901690264278046,3,0.04462287537933461,0.08331438647821644,1.045633451424093,42,0.0011904761904761906,4.656875012062434,geometric_mean,-0.07806865466014325,0.16731440541881248,0.924900925605033,1.182125873667859,0.07904397400633376,unresolved,M_EVENT_16,R6
P07,F06,build,10,1.0109065927909329,0.9308986468035332,1.03187868312225,0.10098003631871677,5,0.0026022515821837932,0.11758528576622664,1.0026056403776942,1,0.05,2.2621571627982027,geometric_mean,-0.08151319463122045,0.08671769779558802,0.9217205480109326,1.090588760645969,0.23912363366440556,unresolved,M_FIXED_2048,R6
P07,F06,online,10,1.0206972037738402,1.0126078168087003,1.0350344113809609,0.022426594572260594,1,0.022035153557934607,0.017013980908660433,1.0222797206081768,42,0.0011904761904761906,4.656875012062434,geometric_mean,-0.0030201992806991977,0.04709050639656841,0.9969843569331029,1.0482168751187884,0.05676075454972989,unresolved,M_FIXED_2048,R6
P07,F06,total,10,1.0244330340095376,1.0078751051213695,1.0318704244043728,0.023995319283003358,1,0.02041152551727067,0.017442852657806734,1.0206212653099889,42,0.0011904761904761906,4.656875012062434,geometric_mean,-0.005275398089842898,0.04609844912438424,0.9947384923859961,1.0471774995902705,0.07904397400633376,unresolved,M_FIXED_2048,R6
P08,F06,build,10,1.0137441777568044,0.9831148378056512,1.0542863359867058,0.07117149818105462,5,0.005669543462818622,0.05617621866283312,1.0056856457408292,1,0.05,2.2621571627982027,geometric_mean,-0.03451650250895715,0.0458555894345944,0.9660723969365606,1.0469232132667639,0.23912363366440556,unresolved,M_NO_IDLE,R6
P08,F06,online,10,1.0197848512504182,0.9979676800117951,1.0238432831694353,0.025875603157640148,3,0.029559987939023303,0.07161294175796462,1.0300012212691272,1,0.05,2.2621571627982027,geometric_mean,-0.021668824504411623,0.08078880038245823,0.9785642578971094,1.0841419020307623,0.05676075454972989,unresolved,M_NO_IDLE,R6
P08,F06,total,10,1.017282902773471,0.9950510066005893,1.024711235680711,0.02966022908012178,3,0.027869521584377145,0.06863487157672236,1.028261509735529,1,0.05,2.2621571627982027,geometric_mean,-0.02122890778844083,0.07696795095719512,0.9789948393748606,1.0800074626325349,0.07904397400633376,unresolved,M_NO_IDLE,R6
DIA01,F07,build,10,0.9723214123465609,0.9077558166925495,1.016135416745313,0.10837960005276348,7,-0.04729274998166293,0.08247803943338676,0.9538081294020947,1,0.05,2.2621571627982027,geometric_mean,-0.1062939850812569,0.011708485117931038,0.899160269511256,1.0117772977313857,0.23912363366440556,unresolved,M_EVENT_16,R6
DIA01,F07,online,10,0.9892628312708072,0.9684436827586707,0.9964401140058995,0.027996431247228837,8,-0.028243336017392106,0.050993500488466785,0.972151778475109,1,0.05,2.2621571627982027,geometric_mean,-0.06472188875143525,0.008235216716651037,0.93732810862214,1.0082692193895382,0.05676075454972989,unresolved,M_EVENT_16,R6
DIA01,F07,total,10,0.9887267526796332,0.9688934524959449,0.9972435964435238,0.028350143947578843,8,-0.028898612849852956,0.05117180996128126,0.9715149586064787,1,0.05,2.2621571627982027,geometric_mean,-0.06550472049667391,0.007707494796968008,0.9365946255573779,1.0077372739934927,0.07904397400633376,unresolved,M_EVENT_16,R6
DIA02,F07,build,10,0.9729615191828962,0.9249784321728076,0.9917111265435867,0.06673269437077911,8,-0.02375762132601575,0.07104971345492603,0.9765223692731213,1,0.05,2.2621571627982027,geometric_mean,-0.07458352451323388,0.027068281861202387,0.9281299492191899,1.0274379557442623,0.23912363366440556,unresolved,M_FIXED_128,R6
DIA02,F07,online,10,0.99566322845979,0.9811858558462782,1.014676111911295,0.03349025606501688,6,-0.022664759052004275,0.07330159026516034,0.9775901570964668,1,0.05,2.2621571627982027,geometric_mean,-0.07510155786681871,0.02977203976281017,0.9276492714633378,1.0302196580657421,0.05676075454972989,unresolved,M_FIXED_128,R6
DIA02,F07,total,10,0.9956222690032721,0.9813343030038284,1.0105064242665516,0.029172121262723172,5,-0.022866722070630157,0.0691218544887502,0.9773927399735107,1,0.05,2.2621571627982027,geometric_mean,-0.07231351803265695,0.026580073891396636,0.9302392033232413,1.026936474769252,0.07904397400633376,unresolved,M_FIXED_128,R6
P01,F07,build,10,2.498392762427139,2.461710183723956,2.6769344311234597,0.21522424739950363,0,0.9169333452971123,0.10039703200598422,2.5016070498579954,1,0.05,2.2621571627982027,geometric_mean,0.8451136351126738,0.9887530554815509,2.3282423696225822,2.6878807436674546,0.23912363366440556,strong_slow,Original,M_LIST
P01,F07,online,10,0.9923629201305348,0.9899395212546427,0.9959592550295784,0.006019733774935698,9,-0.006611496078562604,0.005099768435648351,0.9934103117743234,1,0.05,2.2621571627982027,geometric_mean,-0.010259650647854862,-0.002963341509270347,0.9897928000393552,0.9970410448533468,0.05676075454972989,unresolved,Original,M_LIST
P01,F07,total,10,0.9953371947745655,0.9929022831178562,0.9985371527656636,0.00563486964780735,9,-0.0036972584843869873,0.004996530031792941,0.9963095679601285,1,0.05,2.2621571627982027,geometric_mean,-0.007271560748519888,-0.00012295622025408582,0.9927548130843123,0.9998770513385522,0.07904397400633376,unresolved,Original,M_LIST
P02,F07,build,10,0.9915647538443829,0.9209320554276043,1.007440584180117,0.0865085287525128,6,-0.036835804818395886,0.05917226273383212,0.9638343793181977,1,0.05,2.2621571627982027,geometric_mean,-0.07916509160695326,0.005493481970161487,0.9238873858008426,1.005508598810927,0.23912363366440556,unresolved,M_LIST,M_OBSERVE_LIST
P02,F07,online,10,1.2715007800717346,1.2622881869897935,1.2769435888583196,0.014655401868526097,0,0.23916070195851766,0.013761437477744033,1.2701826410214931,1,0.05,2.2621571627982027,geometric_mean,0.22931636262272995,0.24900504129430537,1.2577398779623379,1.2827484997662182,0.05676075454972989,strong_slow,M_LIST,M_OBSERVE_LIST
P02,F07,total,10,1.2701383115881417,1.2609649895815342,1.2757283090689255,0.014763319487391291,0,0.2379441504614121,0.01364312357587739,1.2686383379805128,1,0.05,2.2621571627982027,geometric_mean,0.22818444779239702,0.24770385313042717,1.2563170289656282,1.281080488034992,0.07904397400633376,strong_slow,M_LIST,M_OBSERVE_LIST
P03,F07,build,10,0.9850568895867959,0.9155798808633274,1.0664534037930937,0.1508735229297663,5,-0.0014388040393346784,0.10818350802667968,0.9985622305429506,1,0.05,2.2621571627982027,geometric_mean,-0.07882862361835274,0.07595101553968339,0.9241982966340746,1.078909723052339,0.23912363366440556,unresolved,M_LIST,R6
P03,F07,online,10,0.1382592656338268,0.13719988468729621,0.14008130023414106,0.0028814155468448455,10,-1.9706011499922744,0.03265228473256773,0.13937304692051694,42,0.0011904761904761906,4.656875012062434,geometric_mean,-2.018685987947252,-1.9225163120372968,0.13282989053357663,0.1462385170226307,0.05676075454972989,strong_fast,M_LIST,R6
P03,F07,total,10,0.14225556166294123,0.14093791821919915,0.14398474697580635,0.003046828756607195,10,-1.9418087089776628,0.03262394250867576,0.14344426607053534,42,0.0011904761904761906,4.656875012062434,geometric_mean,-1.9898518092332944,-1.8937656087220311,0.1367156839464501,0.15050400125690053,0.07904397400633376,strong_fast,M_LIST,R6
P04,F07,build,10,1.001392897191474,0.9679296164907376,1.035759314012611,0.06782969752187329,5,0.009019261801364555,0.07604352167650152,1.00906005790108,1,0.05,2.2621571627982027,geometric_mean,-0.045378996584250694,0.0634175201869798,0.9556352307032394,1.065471602278674,0.23912363366440556,unresolved,M_OBSERVE_LIST,R6
P04,F07,online,10,0.10868258503366093,0.10818303622068066,0.10918291332855588,0.0009998771078752189,10,-2.219662903644463,0.013870666048362004,0.10864572673125564,1,0.05,2.2621571627982027,geometric_mean,-2.2295853803925714,-2.2097404268963543,0.10757302277513775,0.10972912754935421,0.05676075454972989,strong_fast,M_OBSERVE_LIST,R6
P04,F07,total,10,0.11175745086420302,0.11141750866272096,0.1123264202811027,0.0009089116183817469,10,-2.1896782018757412,0.015003447426699535,0.11195276901244403,1,0.05,2.2621571627982027,geometric_mean,-2.2004110216057984,-2.178945382145684,0.11075762522844819,0.1131608091425061,0.07904397400633376,strong_fast,M_OBSERVE_LIST,R6
P05,F07,build,10,2.5481866793201635,2.4030691100075745,2.8023060948798335,0.399236984872259,0,0.9508180050668191,0.07811603815939881,2.587825648245333,1,0.05,2.2621571627982027,geometric_mean,0.8949371577024253,1.006698852431213,2.447181998090717,2.7365523246498347,0.23912363366440556,strong_slow,Original,R6
P05,F07,online,10,0.13785928575217266,0.13708722548635371,0.13853755057161746,0.0014503250852637428,10,-1.9829415170565128,0.01137605057295809,0.13766370103271203,1,0.05,2.2621571627982027,geometric_mean,-1.99107945339655,-1.9748035807164757,0.13654794871568254,0.13878857031740502,0.05676075454972989,strong_fast,Original,R6
P05,F07,total,10,0.14249320400270668,0.14200025214034334,0.1430171080508876,0.001016855910544262,10,-1.9502656494414115,0.012161863351511917,0.14223628157853876,1,0.05,2.2621571627982027,geometric_mean,-1.958965722379387,-1.9415655765034359,0.14100418299971262,0.14347914626994152,0.07904397400633376,strong_fast,Original,R6
P06,F07,build,10,1.02183996696048,0.9986080051641014,1.0429158072659563,0.04430780210185492,4,0.014084437054447882,0.0416276577324925,1.0141840900404533,1,0.05,2.2621571627982027,geometric_mean,-0.01569419538387374,0.0438630694927695,0.9844283167533582,1.0448392747207855,0.23912363366440556,unresolved,M_EVENT_16,R6
P06,F07,online,10,1.0126809472289797,1.001834767773292,1.0201119712399085,0.018277203466616543,2,0.011237253294246397,0.013333328820891747,1.0113006283899153,42,0.0011904761904761906,4.656875012062434,geometric_mean,-0.008397849149704241,0.030872355738197035,0.9916373142842153,1.0313538490834875,0.05676075454972989,unresolved,M_EVENT_16,R6
P06,F07,total,10,1.0139095742044184,1.0028787133793753,1.0193620943217512,0.01648338094237589,2,0.011379742451954751,0.012233762738890227,1.0114447380314313,42,0.0011904761904761906,4.656875012062434,geometric_mean,-0.006636102494186025,0.02939558739809553,0.9933858678080477,1.02983190242963,0.07904397400633376,unresolved,M_EVENT_16,R6
P07,F07,build,10,0.9814579566816106,0.9415122350719234,1.0062276860176247,0.0647154509457013,7,-0.015729123411723455,0.05323950248528239,0.9843939332141727,1,0.05,2.2621571627982027,geometric_mean,-0.053814369185012534,0.022356122361565627,0.9476079954205701,1.0226078931708367,0.23912363366440556,unresolved,M_FIXED_2048,R6
P07,F07,online,10,1.0126645167324388,1.0076045713196338,1.0162781406818646,0.008673569362230849,1,0.011198053834255654,0.007741377952711925,1.011260986728365,42,0.0011904761904761906,4.656875012062434,geometric_mean,-0.00020215621086595165,0.02259826387937726,0.999797864221324,1.0228555389796712,0.05676075454972989,unresolved,M_FIXED_2048,R6
P07,F07,total,10,1.0120507486230506,1.0062402963749348,1.0151743853534825,0.008934088978547639,1,0.010348875463216504,0.008421592480204198,1.0104026102798982,42,0.0011904761904761906,4.656875012062434,geometric_mean,-0.002053041065753821,0.02275079199218683,0.9979490649815412,1.0230115651035911,0.07904397400633376,unresolved,M_FIXED_2048,R6
P08,F07,build,10,1.026701920447717,0.9611609490451641,1.0613999324985532,0.10023898345338911,4,0.010983713106516843,0.05856447604191944,1.011044255540526,1,0.05,2.2621571627982027,geometric_mean,-0.03091078927462372,0.05287821548765741,0.9695620645530609,1.0543012397382776,0.23912363366440556,unresolved,M_NO_IDLE,R6
P08,F07,online,10,1.0058930409927918,0.9940617447138019,1.0155132331090286,0.021451488395226703,4,0.006984793526476981,0.017892558042331027,1.0070092440910114,1,0.05,2.2621571627982027,geometric_mean,-0.005814771434585461,0.019784358487539424,0.9942021016286562,1.019981365985398,0.05676075454972989,unresolved,M_NO_IDLE,R6
P08,F07,total,10,1.005774785629108,0.9946343832634427,1.016123550169344,0.021489166905901302,4,0.007081938966539701,0.016331498346766976,1.0071070751990219,1,0.05,2.2621571627982027,geometric_mean,-0.0046009111606685376,0.01876478909374794,0.9954096568174307,1.0189419541686806,0.07904397400633376,unresolved,M_NO_IDLE,R6
