id,field_or_branch,invariant,test_evidence,spec_review,quality_review,comparison,metric,engineering_status,experiment_status,limitations
SX01,目录／Node／Bucket／Index／reserve,匹配臂成员布局与构造分配序列等于R6,C:/Users/zhangjiacheng/Desktop/zjc/小论文/投稿准备/后续研究_20261008/S1/artifacts/kernel/root_git_kernel_verify_01/manifest.json,C:/Users/zhangjiacheng/Desktop/zjc/小论文/投稿准备/后续研究_20261008/S1/S1_内核规格审查_round2.md,C:/Users/zhangjiacheng/Desktop/zjc/小论文/投稿准备/后续研究_20261008/S1/S1_内核质量审查.md,全匹配臂,layout_bytes; allocation_sequence,GREEN_SPEC_QUALITY_APPROVED,NOT_RUN,Correctness only; no performance inference.
SX02,insert／erase／range内容路径,完整键、重复时间、半开区间；miss推进结构钟；无效键不推进,C:/Users/zhangjiacheng/Desktop/zjc/小论文/投稿准备/后续研究_20261008/S1/artifacts/kernel/root_git_kernel_verify_01/manifest.json,C:/Users/zhangjiacheng/Desktop/zjc/小论文/投稿准备/后续研究_20261008/S1/S1_内核规格审查_round2.md,C:/Users/zhangjiacheng/Desktop/zjc/小论文/投稿准备/后续研究_20261008/S1/S1_内核质量审查.md,全部7臂,record_equal; API_return; epoch_ops,GREEN_SPEC_QUALITY_APPROVED,NOT_RUN,Correctness only; no performance inference.
SX03,新臂随机内容正确性,转换前后集合与参考一致,C:/Users/zhangjiacheng/Desktop/zjc/小论文/投稿准备/后续研究_20261008/S1/artifacts/kernel/root_git_kernel_verify_01/manifest.json,C:/Users/zhangjiacheng/Desktop/zjc/小论文/投稿准备/后续研究_20261008/S1/S1_内核规格审查_round2.md,C:/Users/zhangjiacheng/Desktop/zjc/小论文/投稿准备/后续研究_20261008/S1/S1_内核质量审查.md,5个新匹配臂,random_operations; exact_mismatches,GREEN_SPEC_QUALITY_APPROVED,NOT_RUN,Correctness only; no performance inference. 5 arms x 2 seeds x 100000 operations x 3 native/ASAN/UBSAN modes; small reference state and separate legal conversion fixtures.
SX04,M_LIST关闭路径,无W／range观察数组／信用／epoch／候选／转换；保留内容循环和分配布局,C:/Users/zhangjiacheng/Desktop/zjc/小论文/投稿准备/后续研究_20261008/S1/artifacts/kernel/root_git_kernel_verify_01/manifest.json,C:/Users/zhangjiacheng/Desktop/zjc/小论文/投稿准备/后续研究_20261008/S1/S1_内核规格审查_round2.md,C:/Users/zhangjiacheng/Desktop/zjc/小论文/投稿准备/后续研究_20261008/S1/S1_内核质量审查.md,P01/P03,native_work_available=false; epoch=0; trees=0,GREEN_SPEC_QUALITY_APPROVED,NOT_RUN,Correctness only; no performance inference.
SX05,M_OBSERVE_LIST观察与钟,aW−tree_cost；零work负截距；class正确；不扫描候选／转换,C:/Users/zhangjiacheng/Desktop/zjc/小论文/投稿准备/后续研究_20261008/S1/artifacts/kernel/root_git_kernel_verify_01/manifest.json,C:/Users/zhangjiacheng/Desktop/zjc/小论文/投稿准备/后续研究_20261008/S1/S1_内核规格审查_round2.md,C:/Users/zhangjiacheng/Desktop/zjc/小论文/投稿准备/后续研究_20261008/S1/S1_内核质量审查.md,P02/P04,gain_ns; W; epochs; cand=0; promotions=0,GREEN_SPEC_QUALITY_APPROVED,NOT_RUN,Correctness only; no performance inference.
SX06,M_EVENT信用／门控,每成功LIST观察W>0只+1；W0不增；空闲reset；无PAYBACK,C:/Users/zhangjiacheng/Desktop/zjc/小论文/投稿准备/后续研究_20261008/S1/artifacts/kernel/root_git_kernel_verify_01/manifest.json,C:/Users/zhangjiacheng/Desktop/zjc/小论文/投稿准备/后续研究_20261008/S1/S1_内核规格审查_round2.md,C:/Users/zhangjiacheng/Desktop/zjc/小论文/投稿准备/后续研究_20261008/S1/S1_内核质量审查.md,P06/DIA01,events; W; promotion_eligibility,GREEN_SPEC_QUALITY_APPROVED,NOT_RUN,Correctness only; no performance inference.
SX07,M_FIXED门控,"操作后n>=max(128,h)才候选；无信用公式",C:/Users/zhangjiacheng/Desktop/zjc/小论文/投稿准备/后续研究_20261008/S1/artifacts/kernel/root_git_kernel_verify_01/manifest.json,C:/Users/zhangjiacheng/Desktop/zjc/小论文/投稿准备/后续研究_20261008/S1/S1_内核规格审查_round2.md,C:/Users/zhangjiacheng/Desktop/zjc/小论文/投稿准备/后续研究_20261008/S1/S1_内核质量审查.md,P07/DIA02,n; h; gain=0; cand,GREEN_SPEC_QUALITY_APPROVED,NOT_RUN,Correctness only; no performance inference.
SX08,候选去重／排名／tie,cand<=4096；重验证；按各臂冻结排序及地址平局,C:/Users/zhangjiacheng/Desktop/zjc/小论文/投稿准备/后续研究_20261008/S1/artifacts/kernel/root_git_kernel_verify_01/manifest.json,C:/Users/zhangjiacheng/Desktop/zjc/小论文/投稿准备/后续研究_20261008/S1/S1_内核规格审查_round2.md,C:/Users/zhangjiacheng/Desktop/zjc/小论文/投稿准备/后续研究_20261008/S1/S1_内核质量审查.md,P03/P06/P07,cand_last; cand_max; slot; ranking_fields,GREEN_SPEC_QUALITY_APPROVED,NOT_RUN,Correctness only; no performance inference.
SX09,epoch配额／cleanup,每epoch最多1升1scheduled；cleanup不占额度；total=sched+cleanup,C:/Users/zhangjiacheng/Desktop/zjc/小论文/投稿准备/后续研究_20261008/S1/artifacts/kernel/root_git_kernel_verify_01/manifest.json,C:/Users/zhangjiacheng/Desktop/zjc/小论文/投稿准备/后续研究_20261008/S1/S1_内核规格审查_round2.md,C:/Users/zhangjiacheng/Desktop/zjc/小论文/投稿准备/后续研究_20261008/S1/S1_内核质量审查.md,R6/M_EVENT/M_FIXED/M_NO_IDLE,promotions; scheduled_demotions; cleanup_demotions; total_demotions,GREEN_SPEC_QUALITY_APPROVED,NOT_RUN,Correctness only; no performance inference.
SX10,last_sensitive／普通降级,连续d结构周期无敏感且cool结束可降级；range无结构钟,C:/Users/zhangjiacheng/Desktop/zjc/小论文/投稿准备/后续研究_20261008/S1/artifacts/kernel/root_git_kernel_verify_01/manifest.json,C:/Users/zhangjiacheng/Desktop/zjc/小论文/投稿准备/后续研究_20261008/S1/S1_内核规格审查_round2.md,C:/Users/zhangjiacheng/Desktop/zjc/小论文/投稿准备/后续研究_20261008/S1/S1_内核质量审查.md,P08,epochs; tree_buckets; scheduled_demotions,GREEN_SPEC_QUALITY_APPROVED,NOT_RUN,Correctness only; no performance inference.
SX11,cooldown／重新升树,C8前禁止迁移；到期可候选；降级后再升,C:/Users/zhangjiacheng/Desktop/zjc/小论文/投稿准备/后续研究_20261008/S1/artifacts/kernel/root_git_kernel_verify_01/manifest.json,C:/Users/zhangjiacheng/Desktop/zjc/小论文/投稿准备/后续研究_20261008/S1/S1_内核规格审查_round2.md,C:/Users/zhangjiacheng/Desktop/zjc/小论文/投稿准备/后续研究_20261008/S1/S1_内核质量审查.md,匹配转换臂,cooldown_end; promotions; demotions,GREEN_SPEC_QUALITY_APPROVED,NOT_RUN,Correctness only; no performance inference.
SX12,M_NO_IDLE唯一区别,scheduled分支关闭；cleanup、credit idle reset、候选、cool、budget仍开,C:/Users/zhangjiacheng/Desktop/zjc/小论文/投稿准备/后续研究_20261008/S1/artifacts/kernel/root_git_kernel_verify_01/manifest.json,C:/Users/zhangjiacheng/Desktop/zjc/小论文/投稿准备/后续研究_20261008/S1/S1_内核规格审查_round2.md,C:/Users/zhangjiacheng/Desktop/zjc/小论文/投稿准备/后续研究_20261008/S1/S1_内核质量审查.md,P08,scheduled_demotions=0; cleanup_demotions; credit,GREEN_SPEC_QUALITY_APPROVED,NOT_RUN,Correctness only; no performance inference.
SX13,promote／demote准备失败,不提交新表示／内容；epoch不回滚；允许成功pool grow增加容量,C:/Users/zhangjiacheng/Desktop/zjc/小论文/投稿准备/后续研究_20261008/S1/artifacts/kernel/root_git_kernel_verify_01/manifest.json,C:/Users/zhangjiacheng/Desktop/zjc/小论文/投稿准备/后续研究_20261008/S1/S1_内核规格审查_round2.md,C:/Users/zhangjiacheng/Desktop/zjc/小论文/投稿准备/后续研究_20261008/S1/S1_内核质量审查.md,全部新转换臂,conversion_failures; records; pool_capacity,GREEN_SPEC_QUALITY_APPROVED,NOT_RUN,Correctness only; no performance inference.
SX14,构造／grow／output失败,内容分配失败不观察不推进；range失败不提交部分观察；所有权释放,C:/Users/zhangjiacheng/Desktop/zjc/小论文/投稿准备/后续研究_20261008/S1/artifacts/kernel/root_git_kernel_verify_01/manifest.json,C:/Users/zhangjiacheng/Desktop/zjc/小论文/投稿准备/后续研究_20261008/S1/S1_内核规格审查_round2.md,C:/Users/zhangjiacheng/Desktop/zjc/小论文/投稿准备/后续研究_20261008/S1/S1_内核质量审查.md,全部新匹配臂,live_allocations; gain; epoch_ops,GREEN_SPEC_QUALITY_APPROVED,NOT_RUN,Correctness only; no performance inference.
SX15,MemoryStats／global owner,四账与全局Index请求空间一致；whole峰值不是各peak之和,C:/Users/zhangjiacheng/Desktop/zjc/小论文/投稿准备/后续研究_20261008/S1/artifacts/kernel/root_git_kernel_verify_01/manifest.json,C:/Users/zhangjiacheng/Desktop/zjc/小论文/投稿准备/后续研究_20261008/S1/S1_内核规格审查_round2.md,C:/Users/zhangjiacheng/Desktop/zjc/小论文/投稿准备/后续研究_20261008/S1/S1_内核质量审查.md,resource全部臂,persistent_requested_bytes; whole_peak; manager_bytes,GREEN_SPEC_QUALITY_APPROVED,NOT_RUN,Correctness only; no performance inference.
SX16,low／high输入生成,事件数相同且正W；定位工作量不同；集合恒定,C:/Users/zhangjiacheng/Desktop/zjc/小论文/投稿准备/后续研究_20261008/S1/artifacts/driver/green_review_fixes_root_01/manifest.json,C:/Users/zhangjiacheng/Desktop/zjc/小论文/投稿准备/后续研究_20261008/S1/S1_驱动规格审查_round2.md,C:/Users/zhangjiacheng/Desktop/zjc/小论文/投稿准备/后续研究_20261008/S1/S1_驱动质量审查.md,F05/F06,events; avoidable_work; API_calls,GREEN_SPEC_QUALITY_APPROVED,NOT_RUN,Correctness only; no performance inference. Scaled engineering fixtures; registered formal matrix not run.
SX17,prefix输入／range,完整输出8条；API=2U+Q；range不推进epoch,C:/Users/zhangjiacheng/Desktop/zjc/小论文/投稿准备/后续研究_20261008/S1/artifacts/driver/green_review_fixes_root_01/manifest.json,C:/Users/zhangjiacheng/Desktop/zjc/小论文/投稿准备/后续研究_20261008/S1/S1_驱动规格审查_round2.md,C:/Users/zhangjiacheng/Desktop/zjc/小论文/投稿准备/后续研究_20261008/S1/S1_驱动质量审查.md,F07/D07/D08,returned=8Q; queries; API_calls,GREEN_SPEC_QUALITY_APPROVED,NOT_RUN,Correctness only; no performance inference. Scaled engineering fixtures; registered formal matrix not run.
SX18,F04阶段／old-alive,长度87381/87381/87382；查询11604；old身份只删一次,C:/Users/zhangjiacheng/Desktop/zjc/小论文/投稿准备/后续研究_20261008/S1/artifacts/driver/green_review_fixes_root_01/manifest.json,C:/Users/zhangjiacheng/Desktop/zjc/小论文/投稿准备/后续研究_20261008/S1/S1_驱动规格审查_round2.md,C:/Users/zhangjiacheng/Desktop/zjc/小论文/投稿准备/后续研究_20261008/S1/S1_驱动质量审查.md,F04,phase_units; phase_queries; total_API=535892,GREEN_SPEC_QUALITY_APPROVED,NOT_RUN,"Correctness only; no performance inference. Full F04 shape checked (262144 units, 11604 queries); timing not a sample."
SX19,驱动／计时边界,统一静态dispatch；hash核验online内；初终values在线外；destroy另计,C:/Users/zhangjiacheng/Desktop/zjc/小论文/投稿准备/后续研究_20261008/S1/artifacts/driver/green_review_fixes_root_01/manifest.json,C:/Users/zhangjiacheng/Desktop/zjc/小论文/投稿准备/后续研究_20261008/S1/S1_驱动规格审查_round2.md,C:/Users/zhangjiacheng/Desktop/zjc/小论文/投稿准备/后续研究_20261008/S1/S1_驱动质量审查.md,全部timing,build_ns; online_ns; total_ns; destroy_ns; lifecycle_ns,GREEN_SPEC_QUALITY_APPROVED,NOT_RUN,Correctness only; no performance inference.
SX20,dev选择／配置锁,30完整输入；8候选；total等权log评分；精确tie小门槛；写一次,C:/Users/zhangjiacheng/Desktop/zjc/小论文/投稿准备/后续研究_20261008/S1/artifacts/analysis/green_complete_mf123_identity_01/manifest.json,C:/Users/zhangjiacheng/Desktop/zjc/小论文/投稿准备/后续研究_20261008/S1/S1_统计与入口规格审查_round2.md,PENDING,dev_only,8scores; selected_theta; selected_h,ROUND2_NOT_APPROVED_MF4_MF5_RED_CAPTURED,NOT_RUN,Correctness fixtures only; round2 MF4/MF5 block batch admissibility. 8 actual behavior regressions captured in Git 41a0a97; repair pending; real selected thresholds remain null.
SX21,runner／统计／失败,AB/BA两轮几何；AA有限包络；42族；IQR不是CI；无选择性重跑,C:/Users/zhangjiacheng/Desktop/zjc/小论文/投稿准备/后续研究_20261008/S1/artifacts/analysis/green_complete_mf123_identity_01/manifest.json,C:/Users/zhangjiacheng/Desktop/zjc/小论文/投稿准备/后续研究_20261008/S1/S1_统计与入口规格审查_round2.md,PENDING,primary/diagnostic/AA,median; IQR; wins; conditional_log_CI; noise,ROUND2_NOT_APPROVED_MF4_MF5_RED_CAPTURED,NOT_RUN,Correctness fixtures only; round2 MF4/MF5 block batch admissibility. 8 actual behavior regressions captured in Git 41a0a97; repair pending; real selected thresholds remain null.
SX22,机制fixture热点迁移,旧热点非空；预算堵塞与回收可观测；合法结构clock,C:/Users/zhangjiacheng/Desktop/zjc/小论文/投稿准备/后续研究_20261008/S1/artifacts/driver/green_review_fixes_root_01/manifest.json,C:/Users/zhangjiacheng/Desktop/zjc/小论文/投稿准备/后续研究_20261008/S1/S1_驱动规格审查_round2.md,C:/Users/zhangjiacheng/Desktop/zjc/小论文/投稿准备/后续研究_20261008/S1/S1_驱动质量审查.md,18机制回放,tree_buckets; gain/event; W; promotions; demotions,GREEN_SPEC_QUALITY_APPROVED,NOT_RUN,Correctness only; no performance inference. Scaled engineering fixtures; registered formal matrix not run.
SX23,入口哈希／环境／resume,来源参数输入binary一致；固定P核；仅完整合格pair可复用,C:/Users/zhangjiacheng/Desktop/zjc/小论文/投稿准备/后续研究_20261008/S1/artifacts/analysis/green_complete_mf123_identity_01/manifest.json,C:/Users/zhangjiacheng/Desktop/zjc/小论文/投稿准备/后续研究_20261008/S1/S1_统计与入口规格审查_round2.md,PENDING,全部批次,sha256; process_mask; logical_cpu; attempt_status,ROUND2_NOT_APPROVED_MF4_MF5_RED_CAPTURED,NOT_RUN,Correctness fixtures only; round2 MF4/MF5 block batch admissibility. 8 actual behavior regressions captured in Git 41a0a97; repair pending; real selected thresholds remain null.
SX24,诊断事件／延迟／资源采样,生产R6不加hook；事件类型分开；树数与字节来自同资源运行,C:/Users/zhangjiacheng/Desktop/zjc/小论文/投稿准备/后续研究_20261008/S1/artifacts/driver/green_review_fixes_root_01/manifest.json,C:/Users/zhangjiacheng/Desktop/zjc/小论文/投稿准备/后续研究_20261008/S1/S1_驱动规格审查_round2.md,C:/Users/zhangjiacheng/Desktop/zjc/小论文/投稿准备/后续研究_20261008/S1/S1_驱动质量审查.md,latency/resource,conversion_body_ns; api_latency_ns; p50/p95/p99/max; bytes,GREEN_SPEC_QUALITY_APPROVED,NOT_RUN,Correctness only; no performance inference. Diagnostic correctness and ownership checks only; latency/resource matrices not run.
